"Time","Used"
2023-03-24 11:45:00,248 MiB
2023-03-24 11:45:15,248 MiB
2023-03-24 11:45:30,248 MiB
2023-03-24 11:45:45,248 MiB
2023-03-24 11:46:00,248 MiB
2023-03-24 11:46:15,248 MiB
2023-03-24 11:46:30,274 MiB
2023-03-24 11:46:45,274 MiB
2023-03-24 11:47:00,274 MiB
2023-03-24 11:47:15,275 MiB
2023-03-24 11:47:30,317 MiB
2023-03-24 11:47:45,316 MiB
2023-03-24 11:48:00,314 MiB
2023-03-24 11:48:15,307 MiB
2023-03-24 11:48:30,300 MiB
2023-03-24 11:48:45,296 MiB
2023-03-24 11:49:00,296 MiB
2023-03-24 11:49:15,296 MiB
2023-03-24 11:49:30,293 MiB
2023-03-24 11:49:45,297 MiB
2023-03-24 11:50:00,297 MiB
2023-03-24 11:50:15,295 MiB
2023-03-24 11:50:30,297 MiB
2023-03-24 11:50:45,297 MiB
2023-03-24 11:51:00,296 MiB
2023-03-24 11:51:15,296 MiB
2023-03-24 11:51:30,296 MiB
2023-03-24 11:51:45,296 MiB
2023-03-24 11:52:00,296 MiB
2023-03-24 11:52:15,296 MiB
2023-03-24 11:52:30,297 MiB
2023-03-24 11:52:45,297 MiB
2023-03-24 11:53:00,297 MiB
2023-03-24 11:53:15,296 MiB
2023-03-24 11:53:30,296 MiB
2023-03-24 11:53:45,296 MiB
2023-03-24 11:54:00,296 MiB
2023-03-24 11:54:15,296 MiB
2023-03-24 11:54:30,296 MiB
2023-03-24 11:54:45,296 MiB
2023-03-24 11:55:00,296 MiB
2023-03-24 11:55:15,296 MiB
2023-03-24 11:55:30,296 MiB
2023-03-24 11:55:45,296 MiB
2023-03-24 11:56:00,296 MiB
2023-03-24 11:56:15,295 MiB
2023-03-24 11:56:30,296 MiB
2023-03-24 11:56:45,296 MiB
2023-03-24 11:57:00,296 MiB
2023-03-24 11:57:15,296 MiB
2023-03-24 11:57:30,296 MiB
2023-03-24 11:57:45,296 MiB
2023-03-24 11:58:00,296 MiB
2023-03-24 11:58:15,296 MiB
2023-03-24 11:58:30,296 MiB
2023-03-24 11:58:45,297 MiB
2023-03-24 11:59:00,296 MiB
2023-03-24 11:59:15,296 MiB
2023-03-24 11:59:30,296 MiB
2023-03-24 11:59:45,304 MiB
2023-03-24 12:00:00,302 MiB
2023-03-24 12:00:15,297 MiB
2023-03-24 12:00:30,294 MiB
2023-03-24 12:00:45,294 MiB
2023-03-24 12:01:00,294 MiB
2023-03-24 12:01:15,294 MiB
2023-03-24 12:01:30,294 MiB
2023-03-24 12:01:45,294 MiB
2023-03-24 12:02:00,294 MiB
2023-03-24 12:02:15,294 MiB
2023-03-24 12:02:30,295 MiB
2023-03-24 12:02:45,295 MiB
2023-03-24 12:03:00,295 MiB
2023-03-24 12:03:15,295 MiB
2023-03-24 12:03:30,295 MiB
2023-03-24 12:03:45,294 MiB
2023-03-24 12:04:00,294 MiB
2023-03-24 12:04:15,294 MiB
2023-03-24 12:04:30,294 MiB
2023-03-24 12:04:45,294 MiB
2023-03-24 12:05:00,294 MiB
2023-03-24 12:05:15,294 MiB
2023-03-24 12:05:30,294 MiB
2023-03-24 12:05:45,294 MiB
2023-03-24 12:06:00,294 MiB
2023-03-24 12:06:15,294 MiB
2023-03-24 12:06:30,294 MiB
2023-03-24 12:06:45,294 MiB
2023-03-24 12:07:00,294 MiB
2023-03-24 12:07:15,294 MiB
2023-03-24 12:07:30,294 MiB
2023-03-24 12:07:45,294 MiB
2023-03-24 12:08:00,294 MiB
2023-03-24 12:08:15,294 MiB
2023-03-24 12:08:30,294 MiB
2023-03-24 12:08:45,294 MiB
2023-03-24 12:09:00,294 MiB
2023-03-24 12:09:15,294 MiB
2023-03-24 12:09:30,294 MiB
2023-03-24 12:09:45,294 MiB
2023-03-24 12:10:00,294 MiB
2023-03-24 12:10:15,294 MiB
2023-03-24 12:10:30,294 MiB
2023-03-24 12:10:45,294 MiB
2023-03-24 12:11:00,294 MiB
2023-03-24 12:11:15,294 MiB
2023-03-24 12:11:30,298 MiB
2023-03-24 12:11:45,298 MiB
2023-03-24 12:12:00,296 MiB
2023-03-24 12:12:15,296 MiB
2023-03-24 12:12:30,296 MiB
2023-03-24 12:12:45,297 MiB
2023-03-24 12:13:00,297 MiB
2023-03-24 12:13:15,296 MiB
2023-03-24 12:13:30,294 MiB
2023-03-24 12:13:45,294 MiB
2023-03-24 12:14:00,294 MiB
2023-03-24 12:14:15,294 MiB
2023-03-24 12:14:30,302 MiB
2023-03-24 12:14:45,294 MiB
2023-03-24 12:15:00,295 MiB
2023-03-24 12:15:15,295 MiB
2023-03-24 12:15:30,296 MiB
2023-03-24 12:15:45,296 MiB
2023-03-24 12:16:00,296 MiB
2023-03-24 12:16:15,296 MiB
2023-03-24 12:16:30,300 MiB
2023-03-24 12:16:45,300 MiB
2023-03-24 12:17:00,298 MiB
2023-03-24 12:17:15,297 MiB
2023-03-24 12:17:30,298 MiB
2023-03-24 12:17:45,298 MiB
2023-03-24 12:18:00,360 MiB
2023-03-24 12:18:15,372 MiB
2023-03-24 12:18:30,444 MiB
2023-03-24 12:18:45,473 MiB
2023-03-24 12:19:00,442 MiB
2023-03-24 12:19:15,433 MiB
2023-03-24 12:19:30,505 MiB
2023-03-24 12:19:45,544 MiB
2023-03-24 12:20:00,609 MiB
2023-03-24 12:20:15,634 MiB
2023-03-24 12:20:30,482 MiB
2023-03-24 12:20:45,457 MiB
2023-03-24 12:21:00,373 MiB
2023-03-24 12:21:15,369 MiB
2023-03-24 12:21:30,369 MiB
2023-03-24 12:21:45,377 MiB
2023-03-24 12:22:00,377 MiB
2023-03-24 12:22:15,377 MiB
2023-03-24 12:22:30,329 MiB
2023-03-24 12:22:45,330 MiB
2023-03-24 12:23:00,331 MiB
2023-03-24 12:23:15,330 MiB
2023-03-24 12:23:30,331 MiB
2023-03-24 12:23:45,331 MiB
2023-03-24 12:24:00,332 MiB
2023-03-24 12:24:15,332 MiB
2023-03-24 12:24:30,330 MiB
2023-03-24 12:24:45,329 MiB
2023-03-24 12:25:00,331 MiB
2023-03-24 12:25:15,332 MiB
2023-03-24 12:25:30,325 MiB
2023-03-24 12:25:45,325 MiB
2023-03-24 12:26:00,328 MiB
2023-03-24 12:26:15,329 MiB
2023-03-24 12:26:30,318 MiB
2023-03-24 12:26:45,320 MiB
2023-03-24 12:27:00,320 MiB
2023-03-24 12:27:15,320 MiB
2023-03-24 12:27:30,321 MiB
2023-03-24 12:27:45,321 MiB
2023-03-24 12:28:00,321 MiB
2023-03-24 12:28:15,321 MiB
2023-03-24 12:28:30,321 MiB
2023-03-24 12:28:45,321 MiB
2023-03-24 12:29:00,321 MiB
2023-03-24 12:29:15,321 MiB
2023-03-24 12:29:30,321 MiB
2023-03-24 12:29:45,321 MiB
2023-03-24 12:30:00,321 MiB
2023-03-24 12:30:15,321 MiB
2023-03-24 12:30:30,318 MiB
2023-03-24 12:30:45,318 MiB
2023-03-24 12:31:00,318 MiB
2023-03-24 12:31:15,318 MiB
2023-03-24 12:31:30,318 MiB
2023-03-24 12:31:45,318 MiB
2023-03-24 12:32:00,318 MiB
2023-03-24 12:32:15,318 MiB
2023-03-24 12:32:30,318 MiB
2023-03-24 12:32:45,318 MiB
2023-03-24 12:33:00,318 MiB
2023-03-24 12:33:15,318 MiB
2023-03-24 12:33:30,318 MiB
2023-03-24 12:33:45,318 MiB
2023-03-24 12:34:00,318 MiB
2023-03-24 12:34:15,318 MiB
2023-03-24 12:34:30,318 MiB
2023-03-24 12:34:45,318 MiB
2023-03-24 12:35:00,318 MiB
2023-03-24 12:35:15,318 MiB
2023-03-24 12:35:30,318 MiB
2023-03-24 12:35:45,319 MiB
2023-03-24 12:36:00,319 MiB
2023-03-24 12:36:15,319 MiB
2023-03-24 12:36:30,319 MiB
2023-03-24 12:36:45,327 MiB
2023-03-24 12:37:00,322 MiB
2023-03-24 12:37:15,326 MiB
2023-03-24 12:37:30,320 MiB
2023-03-24 12:37:45,320 MiB
2023-03-24 12:38:00,320 MiB
2023-03-24 12:38:15,320 MiB
2023-03-24 12:38:30,318 MiB
2023-03-24 12:38:45,318 MiB
2023-03-24 12:39:00,318 MiB
2023-03-24 12:39:15,318 MiB
2023-03-24 12:39:30,316 MiB
2023-03-24 12:39:45,316 MiB
2023-03-24 12:40:00,316 MiB
2023-03-24 12:40:15,317 MiB
2023-03-24 12:40:30,317 MiB
2023-03-24 12:40:45,317 MiB
2023-03-24 12:41:00,317 MiB
2023-03-24 12:41:15,317 MiB
2023-03-24 12:41:30,318 MiB
2023-03-24 12:41:45,316 MiB
2023-03-24 12:42:00,316 MiB
2023-03-24 12:42:15,316 MiB
2023-03-24 12:42:30,316 MiB
2023-03-24 12:42:45,320 MiB
2023-03-24 12:43:00,320 MiB
2023-03-24 12:43:15,317 MiB
2023-03-24 12:43:30,317 MiB
2023-03-24 12:43:45,317 MiB
2023-03-24 12:44:00,321 MiB
2023-03-24 12:44:15,319 MiB
2023-03-24 12:44:30,314 MiB
2023-03-24 12:44:45,314 MiB
2023-03-24 12:45:00,314 MiB
2023-03-24 12:45:15,314 MiB
2023-03-24 12:45:30,314 MiB
2023-03-24 12:45:45,314 MiB
2023-03-24 12:46:00,319 MiB
2023-03-24 12:46:15,317 MiB
2023-03-24 12:46:30,317 MiB
2023-03-24 12:46:45,317 MiB
2023-03-24 12:47:00,322 MiB
2023-03-24 12:47:15,326 MiB
2023-03-24 12:47:30,382 MiB
2023-03-24 12:47:45,443 MiB
2023-03-24 12:48:00,518 MiB
2023-03-24 12:48:15,540 MiB
2023-03-24 12:48:30,330 MiB
2023-03-24 12:48:45,315 MiB
2023-03-24 12:49:00,324 MiB
2023-03-24 12:49:15,333 MiB
2023-03-24 12:49:30,317 MiB
2023-03-24 12:49:45,317 MiB
2023-03-24 12:50:00,331 MiB
2023-03-24 12:50:15,332 MiB
2023-03-24 12:50:30,331 MiB
2023-03-24 12:50:45,329 MiB
2023-03-24 12:51:00,323 MiB
2023-03-24 12:51:15,323 MiB
2023-03-24 12:51:30,343 MiB
2023-03-24 12:51:45,347 MiB
2023-03-24 12:52:00,347 MiB
2023-03-24 12:52:15,336 MiB
2023-03-24 12:52:30,323 MiB
2023-03-24 12:52:45,330 MiB
2023-03-24 12:53:00,329 MiB
2023-03-24 12:53:15,322 MiB
2023-03-24 12:53:30,320 MiB
2023-03-24 12:53:45,320 MiB
2023-03-24 12:54:00,320 MiB
2023-03-24 12:54:15,320 MiB
2023-03-24 12:54:30,325 MiB
2023-03-24 12:54:45,329 MiB
2023-03-24 12:55:00,318 MiB
2023-03-24 12:55:15,316 MiB
2023-03-24 12:55:30,326 MiB
2023-03-24 12:55:45,359 MiB
2023-03-24 12:56:00,333 MiB
2023-03-24 12:56:15,331 MiB
2023-03-24 12:56:30,317 MiB
2023-03-24 12:56:45,327 MiB
2023-03-24 12:57:00,321 MiB
2023-03-24 12:57:15,319 MiB
2023-03-24 12:57:30,324 MiB
2023-03-24 12:57:45,339 MiB
2023-03-24 12:58:00,340 MiB
2023-03-24 12:58:15,335 MiB
2023-03-24 12:58:30,335 MiB
2023-03-24 12:58:45,335 MiB
2023-03-24 12:59:00,339 MiB
2023-03-24 12:59:15,347 MiB
2023-03-24 12:59:30,360 MiB
2023-03-24 12:59:45,360 MiB
2023-03-24 13:00:00,359 MiB
2023-03-24 13:00:15,344 MiB
2023-03-24 13:00:30,331 MiB
2023-03-24 13:00:45,329 MiB
2023-03-24 13:01:00,344 MiB
2023-03-24 13:01:15,344 MiB
2023-03-24 13:01:30,360 MiB
2023-03-24 13:01:45,370 MiB
2023-03-24 13:02:00,350 MiB
2023-03-24 13:02:15,350 MiB
2023-03-24 13:02:30,333 MiB
2023-03-24 13:02:45,333 MiB
2023-03-24 13:03:00,329 MiB
2023-03-24 13:03:15,327 MiB
2023-03-24 13:03:30,328 MiB
2023-03-24 13:03:45,328 MiB
2023-03-24 13:04:00,330 MiB
2023-03-24 13:04:15,330 MiB
2023-03-24 13:04:30,330 MiB
2023-03-24 13:04:45,330 MiB
2023-03-24 13:05:00,329 MiB
2023-03-24 13:05:15,320 MiB
2023-03-24 13:05:30,321 MiB
2023-03-24 13:05:45,321 MiB
2023-03-24 13:06:00,325 MiB
2023-03-24 13:06:15,329 MiB
2023-03-24 13:06:30,327 MiB
2023-03-24 13:06:45,327 MiB
2023-03-24 13:07:00,327 MiB
2023-03-24 13:07:15,327 MiB
2023-03-24 13:07:30,327 MiB
2023-03-24 13:07:45,326 MiB
2023-03-24 13:08:00,327 MiB
2023-03-24 13:08:15,325 MiB
2023-03-24 13:08:30,327 MiB
2023-03-24 13:08:45,327 MiB
2023-03-24 13:09:00,326 MiB
2023-03-24 13:09:15,327 MiB
2023-03-24 13:09:30,327 MiB
2023-03-24 13:09:45,327 MiB
2023-03-24 13:10:00,326 MiB
2023-03-24 13:10:15,326 MiB
2023-03-24 13:10:30,326 MiB
2023-03-24 13:10:45,327 MiB
2023-03-24 13:11:00,327 MiB
2023-03-24 13:11:15,327 MiB
2023-03-24 13:11:30,326 MiB
2023-03-24 13:11:45,326 MiB
2023-03-24 13:12:00,326 MiB
2023-03-24 13:12:15,326 MiB
2023-03-24 13:12:30,327 MiB
2023-03-24 13:12:45,327 MiB
2023-03-24 13:13:00,327 MiB
2023-03-24 13:13:15,326 MiB
2023-03-24 13:13:30,326 MiB
2023-03-24 13:13:45,326 MiB
2023-03-24 13:14:00,326 MiB
2023-03-24 13:14:15,326 MiB
2023-03-24 13:14:30,326 MiB
2023-03-24 13:14:45,326 MiB
2023-03-24 13:15:00,326 MiB
2023-03-24 13:15:15,327 MiB
2023-03-24 13:15:30,326 MiB
2023-03-24 13:15:45,326 MiB
2023-03-24 13:16:00,326 MiB
2023-03-24 13:16:15,326 MiB
2023-03-24 13:16:30,327 MiB
2023-03-24 13:16:45,327 MiB
2023-03-24 13:17:00,327 MiB
2023-03-24 13:17:15,326 MiB
2023-03-24 13:17:30,330 MiB
2023-03-24 13:17:45,328 MiB
2023-03-24 13:18:00,328 MiB
2023-03-24 13:18:15,328 MiB
2023-03-24 13:18:30,328 MiB
2023-03-24 13:18:45,328 MiB
2023-03-24 13:19:00,327 MiB
2023-03-24 13:19:15,328 MiB
2023-03-24 13:19:30,328 MiB
2023-03-24 13:19:45,328 MiB
2023-03-24 13:20:00,328 MiB
2023-03-24 13:20:15,328 MiB
2023-03-24 13:20:30,328 MiB
2023-03-24 13:20:45,329 MiB
2023-03-24 13:21:00,331 MiB
2023-03-24 13:21:15,331 MiB
2023-03-24 13:21:30,328 MiB
2023-03-24 13:21:45,328 MiB
2023-03-24 13:22:00,326 MiB
2023-03-24 13:22:15,328 MiB
2023-03-24 13:22:30,328 MiB
2023-03-24 13:22:45,328 MiB
2023-03-24 13:23:00,327 MiB
2023-03-24 13:23:15,327 MiB
2023-03-24 13:23:30,335 MiB
2023-03-24 13:23:45,338 MiB
2023-03-24 13:24:00,332 MiB
2023-03-24 13:24:15,330 MiB
2023-03-24 13:24:30,330 MiB
2023-03-24 13:24:45,330 MiB
2023-03-24 13:25:00,379 MiB
2023-03-24 13:25:15,400 MiB
2023-03-24 13:25:30,357 MiB
2023-03-24 13:25:45,316 MiB
2023-03-24 13:26:00,331 MiB
2023-03-24 13:26:15,357 MiB
2023-03-24 13:26:30,335 MiB
2023-03-24 13:26:45,348 MiB
2023-03-24 13:27:00,340 MiB
2023-03-24 13:27:15,329 MiB
2023-03-24 13:27:30,328 MiB
2023-03-24 13:27:45,336 MiB
2023-03-24 13:28:00,330 MiB
2023-03-24 13:28:15,330 MiB
2023-03-24 13:28:30,331 MiB
2023-03-24 13:28:45,331 MiB
2023-03-24 13:29:00,329 MiB
2023-03-24 13:29:15,329 MiB
2023-03-24 13:29:30,328 MiB
2023-03-24 13:29:45,328 MiB
2023-03-24 13:30:00,327 MiB
2023-03-24 13:30:15,328 MiB
2023-03-24 13:30:30,327 MiB
2023-03-24 13:30:45,327 MiB
2023-03-24 13:31:00,327 MiB
2023-03-24 13:31:15,328 MiB
2023-03-24 13:31:30,327 MiB
2023-03-24 13:31:45,328 MiB
2023-03-24 13:32:00,326 MiB
2023-03-24 13:32:15,326 MiB
2023-03-24 13:32:30,321 MiB
2023-03-24 13:32:45,321 MiB
2023-03-24 13:33:00,326 MiB
2023-03-24 13:33:15,327 MiB
2023-03-24 13:33:30,326 MiB
2023-03-24 13:33:45,326 MiB
2023-03-24 13:34:00,326 MiB
2023-03-24 13:34:15,327 MiB
2023-03-24 13:34:30,327 MiB
2023-03-24 13:34:45,326 MiB
2023-03-24 13:35:00,327 MiB
2023-03-24 13:35:15,327 MiB
2023-03-24 13:35:30,326 MiB
2023-03-24 13:35:45,327 MiB
2023-03-24 13:36:00,327 MiB
2023-03-24 13:36:15,326 MiB
2023-03-24 13:36:30,327 MiB
2023-03-24 13:36:45,327 MiB
2023-03-24 13:37:00,327 MiB
2023-03-24 13:37:15,327 MiB
2023-03-24 13:37:30,349 MiB
2023-03-24 13:37:45,336 MiB
2023-03-24 13:38:00,333 MiB
2023-03-24 13:38:15,332 MiB
2023-03-24 13:38:30,329 MiB
2023-03-24 13:38:45,332 MiB
2023-03-24 13:39:00,332 MiB
2023-03-24 13:39:15,333 MiB
2023-03-24 13:39:30,333 MiB
2023-03-24 13:39:45,330 MiB
2023-03-24 13:40:00,332 MiB
2023-03-24 13:40:15,332 MiB
2023-03-24 13:40:30,332 MiB
2023-03-24 13:40:45,332 MiB
2023-03-24 13:41:00,332 MiB
2023-03-24 13:41:15,332 MiB
2023-03-24 13:41:30,332 MiB
2023-03-24 13:41:45,331 MiB
2023-03-24 13:42:00,332 MiB
2023-03-24 13:42:15,332 MiB
2023-03-24 13:42:30,330 MiB
2023-03-24 13:42:45,330 MiB
2023-03-24 13:43:00,332 MiB
2023-03-24 13:43:15,341 MiB
2023-03-24 13:43:30,339 MiB
2023-03-24 13:43:45,338 MiB
2023-03-24 13:44:00,336 MiB
2023-03-24 13:44:15,331 MiB
2023-03-24 13:44:30,333 MiB
2023-03-24 13:44:45,336 MiB
2023-03-24 13:45:00,338 MiB

