sep=,
"Time","Used"
2023-02-08 00:45:00,352 MiB
2023-02-08 00:45:15,352 MiB
2023-02-08 00:45:30,352 MiB
2023-02-08 00:45:45,352 MiB
2023-02-08 00:46:00,352 MiB
2023-02-08 00:46:15,352 MiB
2023-02-08 00:46:30,352 MiB
2023-02-08 00:46:45,352 MiB
2023-02-08 00:47:00,352 MiB
2023-02-08 00:47:15,352 MiB
2023-02-08 00:47:30,352 MiB
2023-02-08 00:47:45,352 MiB
2023-02-08 00:48:00,352 MiB
2023-02-08 00:48:15,352 MiB
2023-02-08 00:48:30,352 MiB
2023-02-08 00:48:45,352 MiB
2023-02-08 00:49:00,352 MiB
2023-02-08 00:49:15,352 MiB
2023-02-08 00:49:30,353 MiB
2023-02-08 00:49:45,353 MiB
2023-02-08 00:50:00,353 MiB
2023-02-08 00:50:15,353 MiB
2023-02-08 00:50:30,353 MiB
2023-02-08 00:50:45,352 MiB
2023-02-08 00:51:00,352 MiB
2023-02-08 00:51:15,352 MiB
2023-02-08 00:51:30,352 MiB
2023-02-08 00:51:45,352 MiB
2023-02-08 00:52:00,353 MiB
2023-02-08 00:52:15,353 MiB
2023-02-08 00:52:30,352 MiB
2023-02-08 00:52:45,352 MiB
2023-02-08 00:53:00,352 MiB
2023-02-08 00:53:15,352 MiB
2023-02-08 00:53:30,352 MiB
2023-02-08 00:53:45,352 MiB
2023-02-08 00:54:00,352 MiB
2023-02-08 00:54:15,352 MiB
2023-02-08 00:54:30,352 MiB
2023-02-08 00:54:45,352 MiB
2023-02-08 00:55:00,352 MiB
2023-02-08 00:55:15,352 MiB
2023-02-08 00:55:30,352 MiB
2023-02-08 00:55:45,352 MiB
2023-02-08 00:56:00,353 MiB
2023-02-08 00:56:15,353 MiB
2023-02-08 00:56:30,353 MiB
2023-02-08 00:56:45,352 MiB
2023-02-08 00:57:00,352 MiB
2023-02-08 00:57:15,352 MiB
2023-02-08 00:57:30,352 MiB
2023-02-08 00:57:45,352 MiB
2023-02-08 00:58:00,352 MiB
2023-02-08 00:58:15,352 MiB
2023-02-08 00:58:30,352 MiB
2023-02-08 00:58:45,352 MiB
2023-02-08 00:59:00,352 MiB
2023-02-08 00:59:15,352 MiB
2023-02-08 00:59:30,352 MiB
2023-02-08 00:59:45,352 MiB
2023-02-08 01:00:00,352 MiB
2023-02-08 01:00:15,352 MiB
2023-02-08 01:00:30,352 MiB
2023-02-08 01:00:45,352 MiB
2023-02-08 01:01:00,352 MiB
2023-02-08 01:01:15,352 MiB
2023-02-08 01:01:30,352 MiB
2023-02-08 01:01:45,352 MiB
2023-02-08 01:02:00,352 MiB
2023-02-08 01:02:15,352 MiB
2023-02-08 01:02:30,352 MiB
2023-02-08 01:02:45,352 MiB
2023-02-08 01:03:00,352 MiB
2023-02-08 01:03:15,352 MiB
2023-02-08 01:03:30,352 MiB
2023-02-08 01:03:45,352 MiB
2023-02-08 01:04:00,352 MiB
2023-02-08 01:04:15,352 MiB
2023-02-08 01:04:30,352 MiB
2023-02-08 01:04:45,352 MiB
2023-02-08 01:05:00,352 MiB
2023-02-08 01:05:15,352 MiB
2023-02-08 01:05:30,352 MiB
2023-02-08 01:05:45,352 MiB
2023-02-08 01:06:00,352 MiB
2023-02-08 01:06:15,352 MiB
2023-02-08 01:06:30,352 MiB
2023-02-08 01:06:45,352 MiB
2023-02-08 01:07:00,352 MiB
2023-02-08 01:07:15,352 MiB
2023-02-08 01:07:30,352 MiB
2023-02-08 01:07:45,352 MiB
2023-02-08 01:08:00,352 MiB
2023-02-08 01:08:15,352 MiB
2023-02-08 01:08:30,352 MiB
2023-02-08 01:08:45,352 MiB
2023-02-08 01:09:00,351 MiB
2023-02-08 01:09:15,351 MiB
2023-02-08 01:09:30,351 MiB
2023-02-08 01:09:45,351 MiB
2023-02-08 01:10:00,351 MiB
2023-02-08 01:10:15,351 MiB
2023-02-08 01:10:30,351 MiB
2023-02-08 01:10:45,351 MiB
2023-02-08 01:11:00,351 MiB
2023-02-08 01:11:15,351 MiB
2023-02-08 01:11:30,351 MiB
2023-02-08 01:11:45,351 MiB
2023-02-08 01:12:00,351 MiB
2023-02-08 01:12:15,351 MiB
2023-02-08 01:12:30,351 MiB
2023-02-08 01:12:45,351 MiB
2023-02-08 01:13:00,351 MiB
2023-02-08 01:13:15,351 MiB
2023-02-08 01:13:30,351 MiB
2023-02-08 01:13:45,351 MiB
2023-02-08 01:14:00,351 MiB
2023-02-08 01:14:15,351 MiB
2023-02-08 01:14:30,351 MiB
2023-02-08 01:14:45,351 MiB
2023-02-08 01:15:00,351 MiB
2023-02-08 01:15:15,351 MiB
2023-02-08 01:15:30,351 MiB
2023-02-08 01:15:45,351 MiB
2023-02-08 01:16:00,351 MiB
2023-02-08 01:16:15,351 MiB
2023-02-08 01:16:30,351 MiB
2023-02-08 01:16:45,351 MiB
2023-02-08 01:17:00,351 MiB
2023-02-08 01:17:15,352 MiB
2023-02-08 01:17:30,352 MiB
2023-02-08 01:17:45,352 MiB
2023-02-08 01:18:00,352 MiB
2023-02-08 01:18:15,352 MiB
2023-02-08 01:18:30,351 MiB
2023-02-08 01:18:45,351 MiB
2023-02-08 01:19:00,351 MiB
2023-02-08 01:19:15,351 MiB
2023-02-08 01:19:30,351 MiB
2023-02-08 01:19:45,351 MiB
2023-02-08 01:20:00,351 MiB
2023-02-08 01:20:15,351 MiB
2023-02-08 01:20:30,351 MiB
2023-02-08 01:20:45,351 MiB
2023-02-08 01:21:00,351 MiB
2023-02-08 01:21:15,351 MiB
2023-02-08 01:21:30,351 MiB
2023-02-08 01:21:45,351 MiB
2023-02-08 01:22:00,351 MiB
2023-02-08 01:22:15,351 MiB
2023-02-08 01:22:30,351 MiB
2023-02-08 01:22:45,351 MiB
2023-02-08 01:23:00,351 MiB
2023-02-08 01:23:15,351 MiB
2023-02-08 01:23:30,351 MiB
2023-02-08 01:23:45,351 MiB
2023-02-08 01:24:00,351 MiB
2023-02-08 01:24:15,351 MiB
2023-02-08 01:24:30,351 MiB
2023-02-08 01:24:45,351 MiB
2023-02-08 01:25:00,350 MiB
2023-02-08 01:25:15,350 MiB
2023-02-08 01:25:30,350 MiB
2023-02-08 01:25:45,350 MiB
2023-02-08 01:26:00,350 MiB
2023-02-08 01:26:15,350 MiB
2023-02-08 01:26:30,350 MiB
2023-02-08 01:26:45,350 MiB
2023-02-08 01:27:00,351 MiB
2023-02-08 01:27:15,351 MiB
2023-02-08 01:27:30,351 MiB
2023-02-08 01:27:45,351 MiB
2023-02-08 01:28:00,351 MiB
2023-02-08 01:28:15,351 MiB
2023-02-08 01:28:30,351 MiB
2023-02-08 01:28:45,351 MiB
2023-02-08 01:29:00,351 MiB
2023-02-08 01:29:15,351 MiB
2023-02-08 01:29:30,351 MiB
2023-02-08 01:29:45,351 MiB
2023-02-08 01:30:00,351 MiB
2023-02-08 01:30:15,351 MiB
2023-02-08 01:30:30,351 MiB
2023-02-08 01:30:45,351 MiB
2023-02-08 01:31:00,351 MiB
2023-02-08 01:31:15,351 MiB
2023-02-08 01:31:30,351 MiB
2023-02-08 01:31:45,351 MiB
2023-02-08 01:32:00,351 MiB
2023-02-08 01:32:15,351 MiB
2023-02-08 01:32:30,351 MiB
2023-02-08 01:32:45,351 MiB
2023-02-08 01:33:00,351 MiB
2023-02-08 01:33:15,351 MiB
2023-02-08 01:33:30,351 MiB
2023-02-08 01:33:45,351 MiB
2023-02-08 01:34:00,351 MiB
2023-02-08 01:34:15,351 MiB
2023-02-08 01:34:30,351 MiB
2023-02-08 01:34:45,351 MiB
2023-02-08 01:35:00,351 MiB
2023-02-08 01:35:15,351 MiB
2023-02-08 01:35:30,351 MiB
2023-02-08 01:35:45,351 MiB
2023-02-08 01:36:00,351 MiB
2023-02-08 01:36:15,351 MiB
2023-02-08 01:36:30,351 MiB
2023-02-08 01:36:45,351 MiB
2023-02-08 01:37:00,350 MiB
2023-02-08 01:37:15,350 MiB
2023-02-08 01:37:30,350 MiB
2023-02-08 01:37:45,350 MiB
2023-02-08 01:38:00,350 MiB
2023-02-08 01:38:15,350 MiB
2023-02-08 01:38:30,350 MiB
2023-02-08 01:38:45,350 MiB
2023-02-08 01:39:00,350 MiB
2023-02-08 01:39:15,350 MiB
2023-02-08 01:39:30,350 MiB
2023-02-08 01:39:45,350 MiB
2023-02-08 01:40:00,350 MiB
2023-02-08 01:40:15,350 MiB
2023-02-08 01:40:30,350 MiB
2023-02-08 01:40:45,350 MiB
2023-02-08 01:41:00,350 MiB
2023-02-08 01:41:15,350 MiB
2023-02-08 01:41:30,350 MiB
2023-02-08 01:41:45,350 MiB
2023-02-08 01:42:00,350 MiB
2023-02-08 01:42:15,350 MiB
2023-02-08 01:42:30,350 MiB
2023-02-08 01:42:45,350 MiB
2023-02-08 01:43:00,350 MiB
2023-02-08 01:43:15,350 MiB
2023-02-08 01:43:30,350 MiB
2023-02-08 01:43:45,350 MiB
2023-02-08 01:44:00,350 MiB
2023-02-08 01:44:15,350 MiB
2023-02-08 01:44:30,350 MiB
2023-02-08 01:44:45,350 MiB
2023-02-08 01:45:00,349 MiB

