"Time","iowait","irq","nice","softirq","steal","system","user"
2023-04-02 11:18:10,0%,0%,0%,0%,0.200%,0%,0.200%
2023-04-02 11:18:20,0%,0%,0%,0%,0.100%,0.100%,0.300%
2023-04-02 11:18:30,0%,0%,0%,0.400%,0.300%,0.700%,3.60%
2023-04-02 11:18:40,0%,0%,0%,7.90%,7.20%,9.10%,18.6%
2023-04-02 11:18:50,0%,0%,0%,6.10%,8.10%,6.20%,11.6%
2023-04-02 11:19:00,0%,0%,0%,5.20%,5.90%,5.20%,19.7%
2023-04-02 11:19:10,0%,0%,0%,7.40%,11.7%,5.50%,12.5%
2023-04-02 11:19:20,0%,0%,0%,6.50%,10.3%,5.80%,16.1%
2023-04-02 11:19:30,0%,0%,0%,5.60%,7.00%,4.60%,10.8%
2023-04-02 11:19:40,0%,0%,0%,3.20%,3.40%,3.60%,12.3%
2023-04-02 11:19:50,0%,0%,0%,5.60%,7.00%,5%,16.9%
2023-04-02 11:20:00,0%,0%,0%,3.40%,3.00%,2.20%,8.80%
2023-04-02 11:20:10,0%,0%,0%,3.70%,4.50%,3.40%,14.1%
2023-04-02 11:20:20,0%,0%,0%,8.20%,10.5%,6.60%,15.5%
2023-04-02 11:20:30,0%,0%,0%,4.40%,5.90%,3.70%,14.8%
2023-04-02 11:20:40,0%,0%,0%,6.80%,9.00%,4.60%,15.8%
2023-04-02 11:20:50,0%,0%,0%,4.10%,3.80%,3.60%,15.1%
2023-04-02 11:21:00,0%,0%,0%,3.20%,2.60%,3.20%,8.70%
2023-04-02 11:21:10,0%,0%,0%,8.10%,9.30%,6.80%,11.6%
2023-04-02 11:21:20,0%,0%,0%,5.50%,6.60%,5.80%,12.1%
2023-04-02 11:21:30,0%,0%,0%,2.50%,4.00%,2.90%,6.00%
2023-04-02 11:21:40,0%,0%,0%,5.20%,6.00%,4.80%,8.90%
2023-04-02 11:21:50,0%,0%,0%,3.30%,4.40%,2.40%,7.10%
2023-04-02 11:22:00,0%,0%,0%,3.10%,4.00%,3.00%,7.40%
2023-04-02 11:22:10,0.200%,0%,0%,2.70%,6.50%,3.00%,4.60%
2023-04-02 11:22:20,0%,0%,0%,1.90%,2.70%,2.50%,7.30%
2023-04-02 11:22:30,0%,0%,0%,3.40%,4.20%,3.90%,7.70%
2023-04-02 11:22:40,0%,0%,0%,2.50%,3.10%,3.70%,9.10%
2023-04-02 11:22:50,0%,0%,0%,1.60%,1.40%,2.00%,7.20%
2023-04-02 11:23:00,0%,0%,0%,1.40%,1.50%,1.50%,6.20%
2023-04-02 11:23:10,0%,0%,0%,1.10%,1.10%,1.20%,5.60%
2023-04-02 11:23:20,0%,0%,0%,2.30%,1.50%,2.00%,10%
2023-04-02 11:23:30,0%,0%,0%,2.90%,3.30%,3.50%,7.80%
2023-04-02 11:23:40,0%,0%,0%,2.80%,3.50%,2.90%,9.60%
2023-04-02 11:23:50,0%,0%,0%,3.80%,3.30%,5.10%,8.80%
2023-04-02 11:24:00,0%,0%,0%,4.10%,3.20%,4.80%,11.0%
2023-04-02 11:24:10,0%,0%,0%,3.00%,3.30%,3.50%,10.2%
2023-04-02 11:24:20,0%,0%,0%,2.60%,2.30%,2.80%,7.60%
2023-04-02 11:24:30,0%,0%,0%,4.20%,4.60%,4.40%,11.6%
2023-04-02 11:24:40,0.1000%,0%,0%,2.40%,2.10%,2.80%,9.40%
2023-04-02 11:24:50,0%,0%,0%,4.70%,5.30%,5.50%,7.30%
2023-04-02 11:25:00,0%,0%,0%,3.90%,5.30%,4.80%,3.60%
2023-04-02 11:25:10,0.1000%,0%,0%,4.20%,6.80%,3.60%,6.60%
2023-04-02 11:25:20,0%,0%,0%,3.30%,5.30%,3.10%,8.50%
2023-04-02 11:25:30,0%,0%,0%,3.10%,3.70%,2.80%,8.80%
2023-04-02 11:25:40,0%,0%,0%,1.50%,1.80%,1.20%,6.70%
2023-04-02 11:25:50,0%,0%,0%,3.40%,3.20%,3.90%,14.2%
2023-04-02 11:26:00,0%,0%,0%,4.20%,5.70%,3.50%,3.70%
2023-04-02 11:26:10,0%,0%,0%,0.200%,0.300%,0.500%,1.70%
2023-04-02 11:26:20,0%,0%,0%,1.50%,2.70%,2.30%,2.30%
2023-04-02 11:26:30,0%,0%,0%,0%,0.100%,0.100%,0%
2023-04-02 11:26:40,0%,0%,0%,0.400%,0.800%,1.000%,1.70%
2023-04-02 11:26:50,0%,0%,0%,0.600%,1.10%,0.900%,2.90%
2023-04-02 11:27:00,0%,0%,0%,1.40%,1.60%,1.10%,1.10%
2023-04-02 11:27:10,0%,0%,0%,0.800%,1.20%,1.00%,1.50%
2023-04-02 11:27:20,0%,0%,0%,0.200%,0.200%,0.300%,3.10%
2023-04-02 11:27:30,0%,0%,0%,1.40%,2.20%,1.10%,1.60%
2023-04-02 11:27:40,0%,0%,0%,1.80%,2.80%,2.70%,4.20%
2023-04-02 11:27:50,0%,0%,0%,0.600%,0.800%,0.800%,2.10%
2023-04-02 11:28:00,0%,0%,0%,0.600%,1.00%,0.600%,0.400%
2023-04-02 11:28:10,0%,0%,0%,0.400%,0.500%,0.300%,4.80%
2023-04-02 11:28:20,0%,0%,0%,2.20%,3.40%,2.20%,5.20%
2023-04-02 11:28:30,0%,0%,0%,1.90%,3.30%,2.30%,3.70%
2023-04-02 11:28:40,0%,0%,0%,3.60%,3.50%,2.30%,4.60%
2023-04-02 11:28:50,0%,0%,0%,0.400%,0.300%,0.600%,4.70%
2023-04-02 11:29:00,0%,0%,0%,0.700%,1.10%,1.10%,2.70%
2023-04-02 11:29:10,0%,0%,0%,1.10%,2.00%,1.20%,3.30%
2023-04-02 11:29:20,0%,0%,0%,1.50%,3.30%,2.10%,3.50%
2023-04-02 11:29:30,0%,0%,0%,0.400%,0.700%,0.300%,0.500%
2023-04-02 11:29:40,0.100%,0%,0%,0.100%,0.200%,0.1000%,1.70%
2023-04-02 11:29:50,0%,0%,0%,0.200%,0.1000%,0.200%,1.90%
2023-04-02 11:30:00,0%,0%,0%,0%,0.100%,0.100%,0.100%
2023-04-02 11:30:10,0%,0%,0%,0.400%,1.10%,0.500%,1.80%
2023-04-02 11:30:20,0%,0%,0%,0%,0.1000%,0.100%,0.200%
2023-04-02 11:30:30,0%,0%,0%,0.700%,1.000%,1.10%,2.80%
2023-04-02 11:30:40,0%,0%,0%,0%,0.200%,0.1000%,0.300%
2023-04-02 11:30:50,0%,0%,0%,0.500%,0.600%,0.400%,0.700%
2023-04-02 11:31:00,0%,0%,0%,1.10%,2.80%,0.800%,2.10%
2023-04-02 11:31:10,0%,0%,0%,1.70%,4.30%,1.50%,2.00%
2023-04-02 11:31:20,0%,0%,0%,0.500%,0.600%,0.900%,3.50%
2023-04-02 11:31:30,0%,0%,0%,0.100%,0.200%,0.1000%,1.40%
2023-04-02 11:31:40,0%,0%,0%,0.200%,0.200%,0.300%,1.60%
2023-04-02 11:31:50,0%,0%,0%,0.600%,1.000%,0.800%,0.800%
2023-04-02 11:32:00,0.1000%,0%,0%,0.200%,0.200%,0.100%,1.50%
2023-04-02 11:32:10,0%,0%,0%,1.90%,3.20%,2.00%,2.70%
2023-04-02 11:32:20,0%,0%,0%,2.00%,2.80%,2.60%,6.30%
2023-04-02 11:32:30,0%,0%,0%,2.90%,4.70%,2.60%,9.30%
2023-04-02 11:32:40,0%,0%,0%,1.80%,2.90%,2.70%,9.30%
2023-04-02 11:32:50,0%,0%,0%,0.400%,0.600%,0.700%,3.30%
2023-04-02 11:33:00,0%,0%,0%,2.40%,2.90%,2.60%,9.50%
2023-04-02 11:33:10,0%,0%,0%,2.90%,3.30%,3.10%,5.30%
2023-04-02 11:33:20,0%,0%,0%,4.90%,8.20%,4.40%,7.60%
2023-04-02 11:33:30,0%,0%,0%,2.70%,4.70%,2.70%,10.1%
2023-04-02 11:33:40,0%,0%,0%,2.70%,3.70%,2.90%,8.10%
2023-04-02 11:33:50,0%,0%,0%,2.20%,2.50%,2.30%,6.00%
2023-04-02 11:34:00,0%,0%,0%,1.40%,2.20%,0.900%,4.50%
2023-04-02 11:34:10,0%,0%,0%,3.40%,3.80%,2.80%,5%
2023-04-02 11:34:20,0%,0%,0%,2.30%,2.80%,2.20%,3.30%
2023-04-02 11:34:30,0%,0%,0%,3.70%,5%,4.80%,7.40%
2023-04-02 11:34:40,0%,0%,0%,1.30%,1.70%,0.800%,4.30%
2023-04-02 11:34:50,0%,0%,0%,3.00%,4.30%,4.40%,7.40%
2023-04-02 11:35:00,0%,0%,0%,2.30%,3.20%,2.70%,7.00%
2023-04-02 11:35:10,0.1000%,0%,0%,6.50%,8.90%,4.40%,12.2%
2023-04-02 11:35:20,0.100%,0%,0%,4.90%,7.30%,5.30%,8.30%
2023-04-02 11:35:30,0%,0%,0%,1.70%,2.60%,1.90%,7.40%
2023-04-02 11:35:40,0.300%,0%,0%,1.70%,4.50%,2.90%,9.40%
2023-04-02 11:35:50,0%,0%,0%,2.30%,3.80%,2.50%,6.70%
2023-04-02 11:36:00,0%,0%,0%,4.30%,5.60%,4.50%,11.4%
2023-04-02 11:36:10,0%,0%,0%,7.00%,11.3%,5.70%,11.8%
2023-04-02 11:36:20,0.100%,0%,0%,4.40%,6.50%,4.80%,15%
2023-04-02 11:36:30,0%,0%,0%,6.90%,8.40%,6.60%,18.6%
2023-04-02 11:36:40,0%,0%,0%,9.60%,8.60%,6.60%,22.9%
2023-04-02 11:36:50,0%,0%,0%,8.20%,11.2%,7.10%,21.1%
2023-04-02 11:37:00,0%,0%,0%,5.10%,5.30%,5.80%,23.4%
2023-04-02 11:37:10,0%,0%,0%,9.90%,10.4%,6.70%,17.6%
2023-04-02 11:37:20,0%,0%,0%,8.80%,7.20%,7.70%,21.0%
2023-04-02 11:37:30,0%,0%,0%,6.90%,6.70%,6.00%,19.1%
2023-04-02 11:37:40,0%,0%,0%,8.40%,8.90%,6.10%,20.8%
2023-04-02 11:37:50,0%,0%,0%,8.80%,8.60%,8.30%,21.1%
2023-04-02 11:38:00,0%,0%,0%,9.70%,11.1%,7.50%,16.9%
2023-04-02 11:38:10,0%,0%,0%,5.30%,9.20%,5.70%,17.7%
2023-04-02 11:38:20,0%,0%,0%,6.40%,7.80%,6.70%,17.5%
2023-04-02 11:38:30,0%,0%,0%,8.40%,8.90%,8.60%,16.4%
2023-04-02 11:38:40,0%,0%,0%,8.30%,8.80%,7.00%,17.7%
2023-04-02 11:38:50,0%,0%,0%,9.30%,7.40%,8.30%,20.9%
2023-04-02 11:39:00,0%,0%,0%,4.20%,3.70%,4.70%,11.4%
2023-04-02 11:39:10,0%,0%,0%,3.70%,6.80%,3.60%,11.1%
2023-04-02 11:39:20,0%,0%,0%,6.60%,6.20%,7.00%,12.2%
2023-04-02 11:39:30,0%,0%,0%,6.30%,5.50%,4.80%,17.1%
2023-04-02 11:39:40,0%,0%,0%,4.10%,3.50%,3.40%,13.7%
2023-04-02 11:39:50,0%,0%,0%,3.30%,3.80%,3.10%,15.5%
2023-04-02 11:40:00,0%,0%,0%,6.30%,8.80%,5.90%,14.2%
2023-04-02 11:40:10,0%,0%,0%,4.00%,8.60%,3.90%,16.5%
2023-04-02 11:40:20,0%,0%,0%,5.90%,8.80%,4.60%,15.7%
2023-04-02 11:40:30,0%,0%,0%,5.80%,7.50%,5.10%,12.8%
2023-04-02 11:40:40,0%,0%,0%,4.30%,6.40%,5.60%,12.4%
2023-04-02 11:40:50,0%,0%,0%,2.00%,2.40%,2.20%,6.70%
2023-04-02 11:41:00,0%,0%,0%,2.60%,4.00%,3.40%,8.70%
2023-04-02 11:41:10,0%,0%,0%,3.10%,4.40%,4.00%,12.3%
2023-04-02 11:41:20,0%,0%,0%,3.90%,6.10%,3.80%,17.0%
2023-04-02 11:41:30,0%,0%,0%,5.50%,8.60%,5%,15.5%
2023-04-02 11:41:40,0%,0%,0%,5.40%,7.00%,5%,14.6%
2023-04-02 11:41:50,0%,0%,0%,5.10%,7.40%,3.50%,10.3%
2023-04-02 11:42:00,0%,0%,0%,6.00%,8.40%,5.70%,8.70%
2023-04-02 11:42:10,0%,0%,0%,3.90%,5.60%,3.50%,12.3%
2023-04-02 11:42:20,0%,0%,0%,5%,5.70%,4.80%,13.2%
2023-04-02 11:42:30,0%,0%,0%,5.50%,6.70%,6.00%,18.6%
2023-04-02 11:42:40,0%,0%,0%,7.60%,8.40%,6.80%,18.3%
2023-04-02 11:42:50,0%,0%,0%,3.90%,4.60%,4.60%,18.6%
2023-04-02 11:43:00,0%,0%,0%,8.10%,8.40%,8.30%,16.3%
2023-04-02 11:43:10,0%,0%,0%,10.3%,11.1%,8.00%,17.6%
2023-04-02 11:43:20,0%,0%,0%,6.50%,7.70%,5.90%,14.6%
2023-04-02 11:43:30,0%,0%,0%,2.50%,2.80%,2.40%,17.0%
2023-04-02 11:43:40,0%,0%,0%,3.90%,5%,4.00%,12.4%
2023-04-02 11:43:50,0%,0%,0%,6.50%,6.30%,4.90%,13.5%
2023-04-02 11:44:00,0%,0%,0%,5.50%,5.80%,5.90%,17.5%
2023-04-02 11:44:10,0%,0%,0%,6.30%,6.50%,6.00%,16.3%
2023-04-02 11:44:20,0%,0%,0%,5.50%,5.60%,5.50%,16.1%
2023-04-02 11:44:30,0%,0%,0%,3.60%,4.10%,2.80%,7.30%
2023-04-02 11:44:40,0%,0%,0%,3.20%,3.60%,3.40%,13.7%
2023-04-02 11:44:50,0%,0%,0%,6.50%,6.40%,4.90%,18.0%
2023-04-02 11:45:00,0%,0%,0%,6.10%,5.90%,4.70%,21.4%
2023-04-02 11:45:10,0%,0%,0%,7.40%,8.10%,6.70%,26.6%
2023-04-02 11:45:20,0%,0%,0%,5.90%,7.50%,5.30%,15.9%
2023-04-02 11:45:30,0%,0%,0%,6.60%,5.60%,4.60%,12.3%
2023-04-02 11:45:40,0%,0%,0%,8.10%,4.90%,5.20%,9.00%
2023-04-02 11:45:50,0%,0%,0%,8.20%,7.20%,7.00%,16.7%
2023-04-02 11:46:00,0%,0%,0%,9.40%,9.00%,10.1%,12.6%
2023-04-02 11:46:10,0%,0%,0%,11.2%,9.70%,8.10%,22.0%
2023-04-02 11:46:20,0%,0%,0%,10.2%,6.90%,9.40%,21.7%
2023-04-02 11:46:30,0%,0%,0%,9.90%,4.80%,7.00%,17.0%
2023-04-02 11:46:40,0%,0%,0%,1.80%,2.80%,2.50%,4.70%
2023-04-02 11:46:50,0%,0%,0%,0.900%,1.00%,1.00%,5.10%
2023-04-02 11:47:00,0%,0%,0%,0.600%,0.600%,0.700%,0.700%
2023-04-02 11:47:10,0%,0%,0%,0.900%,1.50%,0.900%,3.70%
2023-04-02 11:47:20,0%,0%,0%,1.20%,1.80%,1.000%,3.10%
2023-04-02 11:47:30,0%,0%,0%,1.90%,3.20%,1.60%,4.50%
2023-04-02 11:47:40,0%,0%,0%,3.10%,3.90%,2.90%,3.30%
2023-04-02 11:47:50,0%,0%,0%,2.10%,2.80%,2.50%,4.30%
2023-04-02 11:48:00,0%,0%,0%,0.400%,0.400%,0%,1.70%
2023-04-02 11:48:10,0%,0%,0%,1.30%,2.30%,1.40%,1.90%
2023-04-02 11:48:20,0%,0%,0%,0.800%,0.800%,1.20%,1.10%
2023-04-02 11:48:30,0%,0%,0%,0.200%,0.200%,0.200%,1.60%
2023-04-02 11:48:40,0%,0%,0%,0.600%,0.900%,0.700%,2.40%
2023-04-02 11:48:50,0%,0%,0%,0.900%,1.10%,1.10%,3.00%
2023-04-02 11:49:00,0%,0%,0%,2.10%,3.20%,1.60%,3.20%
2023-04-02 11:49:10,0%,0%,0%,2.70%,4.30%,3.10%,3.40%
2023-04-02 11:49:20,0%,0%,0%,0.500%,0.500%,0.300%,4.90%
2023-04-02 11:49:30,0%,0%,0%,2.00%,2.80%,1.90%,3.50%
2023-04-02 11:49:40,0%,0%,0%,3.60%,4.50%,3.90%,4.00%
2023-04-02 11:49:50,0%,0%,0%,1.50%,2.40%,1.90%,2.90%
2023-04-02 11:50:00,0%,0%,0%,2.20%,2.60%,1.70%,5.50%
2023-04-02 11:50:10,0%,0%,0%,6.40%,10%,4.10%,5.90%
2023-04-02 11:50:20,0%,0%,0%,6.50%,10%,5.70%,18.8%
2023-04-02 11:50:30,0%,0%,0%,10%,11.9%,6.30%,25.6%
2023-04-02 11:50:40,0%,0%,0%,7.30%,7.30%,6.40%,17.4%
2023-04-02 11:50:50,0%,0%,0%,6.10%,10.2%,3.50%,11.3%
2023-04-02 11:51:00,0%,0%,0%,8.00%,8.90%,5.70%,19.8%
2023-04-02 11:51:10,0%,0%,0%,6.80%,10.7%,5.80%,11.5%
2023-04-02 11:51:20,0%,0%,0%,7.20%,5.80%,4.90%,15.6%
2023-04-02 11:51:30,0%,0%,0%,8.40%,5.80%,5.30%,8.30%
2023-04-02 11:51:40,0%,0%,0%,8.00%,7.30%,7.20%,10%
2023-04-02 11:51:50,0%,0%,0%,8.40%,5.90%,9.30%,14.2%
2023-04-02 11:52:00,0%,0%,0%,9.60%,10.1%,7.90%,32.9%
2023-04-02 11:52:10,0%,0%,0%,8.30%,6.40%,7.90%,14.3%
2023-04-02 11:52:20,0%,0%,0%,9.40%,6.70%,8.50%,19.1%
2023-04-02 11:52:30,0%,0%,0%,10.2%,5.90%,7.50%,29.9%
2023-04-02 11:52:40,0%,0%,0%,11.7%,7.90%,8.40%,23.0%
2023-04-02 11:52:50,0%,0%,0%,4.70%,3.40%,3.90%,12.0%
2023-04-02 11:53:00,0%,0%,0%,3.40%,2.70%,3.00%,16.4%
2023-04-02 11:53:10,0%,0%,0%,4.90%,5.20%,3.90%,14.6%
2023-04-02 11:53:20,0%,0%,0%,2.70%,3.90%,2.80%,13.3%
2023-04-02 11:53:30,0%,0%,0%,7.10%,8.90%,5.80%,14.4%
2023-04-02 11:53:40,0%,0%,0%,11.2%,10.5%,9.10%,17.7%
2023-04-02 11:53:50,0%,0%,0%,6.00%,4.90%,6.00%,13.4%
2023-04-02 11:54:00,0%,0%,0%,7.80%,6.90%,6.10%,14.2%
2023-04-02 11:54:10,0%,0%,0%,5.60%,5.30%,5.20%,12.4%
2023-04-02 11:54:20,0%,0%,0%,8.10%,6.90%,7.00%,17.3%
2023-04-02 11:54:30,0%,0%,0%,4.40%,4.10%,5.10%,10.6%
2023-04-02 11:54:40,0%,0%,0%,2.20%,1.60%,2.40%,4.10%
2023-04-02 11:54:50,0%,0%,0%,0.100%,0.300%,0.1000%,1.90%
2023-04-02 11:55:00,0%,0%,0%,0.900%,0.800%,0.700%,1.00%
2023-04-02 11:55:10,0%,0%,0%,0.100%,0.600%,0.500%,2.00%
2023-04-02 11:55:20,0%,0%,0%,0.600%,0.600%,0.600%,2.40%
2023-04-02 11:55:30,0%,0%,0%,0.500%,0.500%,0.400%,2.00%
2023-04-02 11:55:40,0%,0%,0%,1.80%,2.40%,2.00%,2.50%
2023-04-02 11:55:50,0%,0%,0%,1.000%,0.900%,1.000%,4.00%
2023-04-02 11:56:00,0%,0%,0%,0.400%,0.400%,0.500%,1.50%
2023-04-02 11:56:10,0%,0%,0%,2.40%,3.70%,2.50%,5.60%
2023-04-02 11:56:20,0%,0%,0%,1.70%,1.90%,1.40%,3.40%
2023-04-02 11:56:30,0%,0%,0%,0.400%,0.600%,0.200%,1.70%
2023-04-02 11:56:40,0%,0%,0%,1.90%,2.60%,2.10%,6.40%
2023-04-02 11:56:50,0%,0%,0%,3.10%,4.00%,4.10%,4.50%
2023-04-02 11:57:00,0%,0%,0%,2.10%,1.90%,1.90%,6.80%
2023-04-02 11:57:10,0%,0%,0%,2.00%,2.90%,2.70%,2.60%
2023-04-02 11:57:20,0%,0%,0%,1.10%,1.20%,1.00%,3.80%
2023-04-02 11:57:30,0%,0%,0%,0.600%,0.300%,0.700%,1.70%
2023-04-02 11:57:40,0%,0%,0%,0.700%,0.800%,1.000%,2.50%
2023-04-02 11:57:50,0%,0%,0%,1.40%,2.10%,1.10%,3.50%
2023-04-02 11:58:00,0%,0%,0%,3.00%,4.40%,2.70%,4.30%
2023-04-02 11:58:10,0%,0%,0%,0.400%,0.900%,0.900%,6.40%
2023-04-02 11:58:20,0%,0%,0%,0.800%,0.800%,1.000%,2.70%
2023-04-02 11:58:30,0%,0%,0%,1.30%,1.30%,1.000%,3.60%
2023-04-02 11:58:40,0%,0%,0%,0.600%,0.800%,0.600%,3.10%
2023-04-02 11:58:50,0%,0%,0%,1.20%,1.20%,1.20%,4.10%
2023-04-02 11:59:00,0%,0%,0%,3.20%,3.70%,3.10%,3.60%
2023-04-02 11:59:10,0%,0%,0%,2.10%,2.90%,2.30%,4.30%
2023-04-02 11:59:20,0%,0%,0%,2.70%,3.50%,2.80%,7.30%
2023-04-02 11:59:30,0%,0%,0%,3.80%,2.80%,3.50%,8.60%
2023-04-02 11:59:40,0%,0%,0%,1.90%,2.50%,3.00%,4.10%
2023-04-02 11:59:50,0%,0%,0%,3.20%,3.10%,2.40%,5.60%
2023-04-02 12:00:00,0%,0%,0%,3.80%,3.50%,3.80%,7.10%
2023-04-02 12:00:10,0%,0%,0%,4.70%,6.90%,3.10%,8.20%
2023-04-02 12:00:20,0%,0%,0%,1.60%,3.60%,1.90%,3.50%
2023-04-02 12:00:30,0%,0%,0%,2.30%,4.00%,2.70%,7.80%
2023-04-02 12:00:40,0%,0%,0%,2.50%,3.40%,2.60%,8.60%
2023-04-02 12:00:50,0%,0%,0%,3.00%,4.50%,3.60%,7.30%
2023-04-02 12:01:00,0.1000%,0%,0%,5.50%,7.70%,5.30%,10.9%
2023-04-02 12:01:10,0%,0%,0%,8.60%,14.2%,5.90%,8.50%
2023-04-02 12:01:20,0%,0%,0%,4.60%,7.30%,5.30%,7.60%
2023-04-02 12:01:30,0%,0%,0%,4.40%,4.10%,6.50%,9.50%
2023-04-02 12:01:40,0%,0%,0%,3.70%,3.80%,3.20%,6.90%
2023-04-02 12:01:50,0%,0%,0%,3.10%,3.80%,3.40%,6.50%
2023-04-02 12:02:00,0%,0%,0%,3.90%,3.80%,3.30%,6.80%
2023-04-02 12:02:10,0%,0%,0%,4.10%,5.10%,3.50%,6.30%
2023-04-02 12:02:20,0%,0%,0%,2.30%,3.60%,2.10%,3.60%
2023-04-02 12:02:30,0%,0%,0%,3.80%,4.60%,2.60%,6.10%
2023-04-02 12:02:40,0%,0%,0%,1.10%,1.30%,1.30%,4.20%
2023-04-02 12:02:50,0%,0%,0%,6.90%,6.80%,6.50%,11.6%
2023-04-02 12:03:00,0%,0%,0%,2.30%,2.80%,2.70%,6.30%
2023-04-02 12:03:10,0%,0%,0%,3.50%,4.20%,2.90%,9.60%
2023-04-02 12:03:20,0%,0%,0%,2.30%,2.90%,2.90%,7.20%
2023-04-02 12:03:30,0%,0%,0%,3.00%,3.40%,3.30%,11.1%
2023-04-02 12:03:40,0%,0%,0%,4.10%,3.20%,3.70%,8.20%
2023-04-02 12:03:50,0%,0%,0%,4.50%,3.90%,4.90%,9.10%
2023-04-02 12:04:00,0%,0%,0%,9.70%,7.80%,8.30%,24.6%
2023-04-02 12:04:10,0%,0%,0%,10.2%,9.10%,8.70%,21.8%
2023-04-02 12:04:20,0%,0%,0%,9.20%,5.80%,8.50%,18.6%
2023-04-02 12:04:30,0%,0%,0%,9.30%,5.60%,9.10%,27.1%
2023-04-02 12:04:40,0%,0%,0%,8.00%,5.80%,5.80%,20.3%
2023-04-02 12:04:50,0%,0%,0%,9.80%,7.60%,6.90%,20%
2023-04-02 12:05:00,0%,0%,0%,9.00%,6.30%,8.00%,27.4%
2023-04-02 12:05:10,0%,0%,0%,9.80%,10.2%,6.80%,23.2%
2023-04-02 12:05:20,0%,0%,0%,8.90%,9.90%,7.30%,24.4%
2023-04-02 12:05:30,0.1000%,0%,0%,3.20%,3.60%,2.50%,4.10%
2023-04-02 12:05:40,0%,0%,0%,1.90%,2.30%,1.80%,3.70%
2023-04-02 12:05:50,0%,0%,0%,2.70%,3.30%,2.60%,3.90%
2023-04-02 12:06:00,0%,0%,0%,0.300%,0.600%,0.600%,3.10%
2023-04-02 12:06:10,0%,0%,0%,2.60%,3.20%,1.90%,3.40%
2023-04-02 12:06:20,0%,0%,0%,1.00%,1.30%,1.20%,3.70%
2023-04-02 12:06:30,0%,0%,0%,0.200%,0.100%,0.1000%,1.40%
2023-04-02 12:06:40,0%,0%,0%,1.50%,1.70%,1.30%,3.10%
2023-04-02 12:06:50,0%,0%,0%,1.000%,1.20%,0.800%,3.20%
2023-04-02 12:07:00,0%,0%,0%,0.300%,0.500%,0.400%,2.10%
2023-04-02 12:07:10,0%,0%,0%,0.100%,0.600%,0.300%,1.90%
2023-04-02 12:07:20,0%,0%,0%,2.00%,3.20%,2.50%,3.10%
2023-04-02 12:07:30,0%,0%,0%,0%,0.100%,0.100%,0.400%
2023-04-02 12:07:40,0%,0%,0%,1.20%,1.30%,0.900%,1.90%
2023-04-02 12:07:50,0%,0%,0%,1.00%,1.70%,0.800%,2.40%
2023-04-02 12:08:00,0%,0%,0%,1.40%,1.80%,1.10%,1.50%
2023-04-02 12:08:10,0%,0%,0%,0.400%,0.300%,0.100%,3.20%
2023-04-02 12:08:20,0%,0%,0%,2.00%,3.30%,2.50%,4.10%
2023-04-02 12:08:30,0%,0%,0%,0.500%,0.800%,0.300%,4.40%
2023-04-02 12:08:40,0%,0%,0%,0.500%,0.300%,0.100%,1.60%
2023-04-02 12:08:50,0%,0%,0%,0.200%,0.700%,0.500%,2.90%
2023-04-02 12:09:00,0%,0%,0%,1.50%,2.70%,1.40%,3.40%
2023-04-02 12:09:10,0%,0%,0%,2.10%,3.50%,1.60%,3.20%
2023-04-02 12:09:20,0%,0%,0%,3.30%,4.30%,3.20%,11.6%
2023-04-02 12:09:30,0%,0%,0%,6.40%,5.20%,5.90%,22.1%
2023-04-02 12:09:40,0%,0%,0%,8.90%,9.10%,8.20%,14.4%
2023-04-02 12:09:50,0%,0%,0%,7.10%,7.50%,4.80%,24.4%
2023-04-02 12:10:00,0%,0%,0%,8.50%,8.60%,6.10%,17.4%
2023-04-02 12:10:10,0%,0%,0%,11.3%,12.4%,7.30%,15.3%
2023-04-02 12:10:20,0%,0%,0%,8.90%,11.3%,6.60%,23.0%
2023-04-02 12:10:30,0%,0%,0%,6.20%,8.30%,5.60%,15.6%
2023-04-02 12:10:40,0%,0%,0%,8.10%,7.90%,7.30%,21.8%
2023-04-02 12:10:50,0%,0%,0%,5.20%,6.20%,4.60%,18.6%
2023-04-02 12:11:00,0%,0%,0%,8.90%,9.40%,6.80%,18.9%
2023-04-02 12:11:10,0%,0%,0%,11.3%,16.6%,8.10%,18.7%
2023-04-02 12:11:20,0%,0%,0%,7.90%,10.4%,7.00%,19.2%
2023-04-02 12:11:30,0%,0%,0%,8.90%,11.0%,6.80%,21.5%
2023-04-02 12:11:40,0%,0%,0%,8.50%,8.30%,6.60%,11.8%
2023-04-02 12:11:50,0%,0%,0%,5.30%,6.50%,4.30%,15.7%
2023-04-02 12:12:00,0%,0%,0%,5.70%,5.70%,5.70%,11.6%
2023-04-02 12:12:10,0%,0%,0%,5.40%,6.00%,6.20%,15.3%
2023-04-02 12:12:20,0%,0%,0%,5.40%,6.60%,4.30%,15.9%
2023-04-02 12:12:30,0%,0%,0%,5.90%,7.10%,6.00%,13.7%
2023-04-02 12:12:40,0%,0%,0%,5.50%,5.50%,5%,18.2%
2023-04-02 12:12:50,0%,0%,0%,4.80%,7.90%,3.50%,10.3%
2023-04-02 12:13:00,0%,0%,0%,7.70%,10.9%,7.90%,11.5%
2023-04-02 12:13:10,0%,0%,0%,8.90%,13.2%,5.10%,12.5%
2023-04-02 12:13:20,0%,0%,0%,6.80%,7.40%,6.30%,14.4%
2023-04-02 12:13:30,0%,0%,0%,3.20%,3.40%,3.90%,14.4%
2023-04-02 12:13:40,0%,0%,0%,7.10%,5.60%,6.20%,15%
2023-04-02 12:13:50,0%,0%,0%,4.30%,4.40%,5.20%,12.9%
2023-04-02 12:14:00,0%,0%,0%,4.00%,3.70%,4.40%,14.1%
2023-04-02 12:14:10,0%,0%,0%,4.70%,6.40%,4.10%,13.1%
2023-04-02 12:14:20,0%,0%,0%,5.60%,7.70%,4.70%,17.4%
2023-04-02 12:14:30,0%,0%,0%,3.70%,4.80%,3.90%,14.7%
2023-04-02 12:14:40,0%,0%,0%,3.60%,5.10%,4.20%,15%
2023-04-02 12:14:50,0%,0%,0%,3.10%,3.60%,3.60%,11.7%
2023-04-02 12:15:00,0%,0%,0%,4.00%,5.20%,3.90%,10%
2023-04-02 12:15:10,0%,0%,0%,6.20%,9.50%,4.90%,15.1%
2023-04-02 12:15:20,0%,0%,0%,5.60%,6.40%,4.00%,13.4%
2023-04-02 12:15:30,0%,0%,0%,5%,6.10%,5.90%,18.5%
2023-04-02 12:15:40,0%,0%,0%,2.70%,4.00%,3.50%,11.5%
2023-04-02 12:15:50,0%,0%,0%,4.10%,5.60%,4.50%,8.70%
2023-04-02 12:16:00,0%,0%,0%,8.90%,9.10%,7.70%,17.6%
2023-04-02 12:16:10,0%,0%,0%,10%,14.7%,9.00%,19.0%
2023-04-02 12:16:20,0%,0%,0%,9.00%,10%,6.80%,24.1%
2023-04-02 12:16:30,0%,0%,0%,9.10%,8.30%,6.50%,17.0%
2023-04-02 12:16:40,0%,0%,0%,5.40%,5.40%,5.90%,22.1%
2023-04-02 12:16:50,0%,0%,0%,6.60%,8.30%,5.40%,20.9%
2023-04-02 12:17:00,0%,0%,0%,7.70%,6.10%,6.20%,21.3%
2023-04-02 12:17:10,0%,0%,0%,5.90%,8.40%,4.10%,23.3%
2023-04-02 12:17:20,0%,0%,0%,9.20%,8.10%,6.80%,23.9%
2023-04-02 12:17:30,0%,0%,0%,5.50%,5.20%,5.60%,15.9%
2023-04-02 12:17:40,0%,0%,0%,7.60%,8.00%,5.90%,15.5%
2023-04-02 12:17:50,0%,0%,0%,7.50%,5.40%,7.10%,20.9%
2023-04-02 12:18:00,0%,0%,0%,6.80%,5%,7.00%,27.3%
2023-04-02 12:18:10,0%,0%,0%,7.60%,8.80%,5.60%,17.9%
2023-04-02 12:18:20,0%,0%,0%,6.30%,5.70%,7.10%,17.5%
2023-04-02 12:18:30,0%,0%,0%,9.70%,6.60%,8.40%,17.9%
2023-04-02 12:18:40,0%,0%,0%,8.00%,5.10%,7.90%,21.5%
2023-04-02 12:18:50,0%,0%,0%,4.80%,5.10%,4.80%,13.9%
2023-04-02 12:19:00,0%,0%,0%,8.50%,7.80%,8.40%,25.9%
2023-04-02 12:19:10,0%,0%,0%,8.60%,9.60%,6.90%,21.0%
2023-04-02 12:19:20,0%,0%,0%,3.00%,4.30%,3.10%,6.40%
2023-04-02 12:19:30,0%,0%,0%,2.40%,3.60%,3.10%,8.20%
2023-04-02 12:19:40,0%,0%,0%,2.90%,3.10%,2.90%,10.9%
2023-04-02 12:19:50,0%,0%,0%,1.30%,2.00%,1.000%,6.50%
2023-04-02 12:20:00,0%,0%,0%,2.70%,2.30%,2.10%,7.40%
2023-04-02 12:20:10,0%,0%,0%,2.20%,3.00%,1.90%,8.50%
2023-04-02 12:20:20,0%,0%,0%,2.70%,4.40%,2.30%,8.50%
2023-04-02 12:20:30,0%,0%,0%,2.70%,3.70%,2.80%,5.80%
2023-04-02 12:20:40,0.1000%,0%,0%,2.50%,3.50%,1.80%,6.30%
2023-04-02 12:20:50,0%,0%,0%,2.90%,4.10%,3.70%,8.50%
2023-04-02 12:21:00,0%,0%,0%,0.800%,0.600%,0.900%,8.60%
2023-04-02 12:21:10,0.100%,0%,0%,2.60%,2.90%,2.70%,9.70%
2023-04-02 12:21:20,0%,0%,0%,1.50%,1.60%,1.90%,6.90%
2023-04-02 12:21:30,0%,0%,0%,3.00%,3.80%,3.80%,10.6%
2023-04-02 12:21:40,0%,0%,0%,1.80%,1.50%,2.60%,3.90%
2023-04-02 12:21:50,0%,0%,0%,1.10%,2.00%,1.70%,4.70%
2023-04-02 12:22:00,0%,0%,0%,3.70%,4.60%,3.40%,8.90%
2023-04-02 12:22:10,0%,0%,0%,2.30%,2.10%,2.20%,9.80%
2023-04-02 12:22:20,0%,0%,0%,3.00%,2.80%,1.90%,8.00%
2023-04-02 12:22:30,0%,0%,0%,2.80%,3.40%,3.70%,7.00%
2023-04-02 12:22:40,0.1000%,0%,0%,2.10%,2.80%,2.00%,10.8%
2023-04-02 12:22:50,0%,0%,0%,1.00%,1.000%,1.60%,5.30%
2023-04-02 12:23:00,0%,0%,0%,1.000%,0.800%,0.900%,6.90%
2023-04-02 12:23:10,0%,0%,0%,2.30%,2.90%,2.00%,6.70%
2023-04-02 12:23:20,0%,0%,0%,2.90%,3.80%,2.90%,8.40%
2023-04-02 12:23:30,0%,0%,0%,1.30%,2.70%,2.30%,7.30%
2023-04-02 12:23:40,0%,0%,0%,1.40%,2.60%,1.60%,1.90%
2023-04-02 12:23:50,0%,0%,0%,2.10%,2.90%,2.40%,2.50%
2023-04-02 12:24:00,0%,0%,0%,0.700%,0.900%,1.10%,3.70%
2023-04-02 12:24:10,0%,0%,0%,2.50%,3.50%,2.60%,5.20%
2023-04-02 12:24:20,0%,0%,0%,0.300%,0.300%,0.600%,4.90%
2023-04-02 12:24:30,0%,0%,0%,0.400%,0.600%,0.600%,5.70%
2023-04-02 12:24:40,0%,0%,0%,1.40%,2.40%,1.50%,4.80%
2023-04-02 12:24:50,0%,0%,0%,1.80%,2.80%,1.60%,2.60%
2023-04-02 12:25:00,0%,0%,0%,3.20%,6.00%,3.60%,3.60%
2023-04-02 12:25:10,0%,0%,0%,2.00%,2.70%,1.20%,6.00%
2023-04-02 12:25:20,0%,0%,0%,1.60%,1.80%,1.30%,5.20%
2023-04-02 12:25:30,0%,0%,0%,1.50%,2.10%,1.70%,3.30%
2023-04-02 12:25:40,0%,0%,0%,1.30%,2.10%,1.80%,3.60%
2023-04-02 12:25:50,0%,0%,0%,1.20%,1.60%,1.70%,3.20%
2023-04-02 12:26:00,0%,0%,0%,1.50%,1.70%,1.50%,3.20%
2023-04-02 12:26:10,0%,0%,0%,3.20%,5.50%,3.10%,4.60%
2023-04-02 12:26:20,0%,0%,0%,3.40%,3.00%,2.10%,5.40%
2023-04-02 12:26:30,0%,0%,0%,6.40%,9.90%,6.60%,16.7%
2023-04-02 12:26:40,0%,0%,0%,5.90%,7.90%,6.10%,15.6%
2023-04-02 12:26:50,0%,0%,0%,6.80%,7.30%,6.50%,21.5%
2023-04-02 12:27:00,0%,0%,0%,4.90%,4.40%,5.20%,16.5%
2023-04-02 12:27:10,0%,0%,0%,6.50%,11.1%,5.10%,14.1%
2023-04-02 12:27:20,0%,0%,0%,6.60%,6.60%,5.90%,17.5%
2023-04-02 12:27:30,0%,0%,0%,7.60%,8.10%,5.40%,14.1%
2023-04-02 12:27:40,0%,0%,0%,9.30%,7.50%,7.50%,19.6%
2023-04-02 12:27:50,0%,0%,0%,5.10%,4.80%,5.50%,16.5%
2023-04-02 12:28:00,0%,0%,0%,7.80%,8.30%,7.50%,14.3%
2023-04-02 12:28:10,0%,0%,0%,4.80%,6.10%,4.60%,18.5%
2023-04-02 12:28:20,0%,0%,0%,5.30%,6.00%,4.40%,16.3%
2023-04-02 12:28:30,0%,0%,0%,5.70%,5.70%,6.30%,12.6%
2023-04-02 12:28:40,0%,0%,0%,9.30%,11.8%,7.00%,9.70%
2023-04-02 12:28:50,0%,0%,0%,8.60%,7.60%,6.90%,16.4%
2023-04-02 12:29:00,0%,0%,0%,3.00%,2.80%,3.60%,12.0%
2023-04-02 12:29:10,0%,0%,0%,2.00%,4.30%,2.60%,2.80%
2023-04-02 12:29:20,0%,0%,0%,1.10%,1.70%,0.800%,1.20%
2023-04-02 12:29:30,0%,0%,0%,0.300%,0.700%,0.400%,1.60%
2023-04-02 12:29:40,0%,0%,0%,1.90%,2.90%,2.20%,3.70%
2023-04-02 12:29:50,0%,0%,0%,0.700%,0.700%,0.600%,1.90%
2023-04-02 12:30:00,0%,0%,0%,1.40%,2.40%,2.10%,3.50%
2023-04-02 12:30:10,0%,0%,0%,0.300%,0.800%,0.300%,4.40%
2023-04-02 12:30:20,0%,0%,0%,1.80%,3.60%,1.50%,3.70%
2023-04-02 12:30:30,0%,0%,0%,0.300%,0.400%,0.200%,2.80%
2023-04-02 12:30:40,0%,0%,0%,0.200%,0.200%,0.500%,3.10%
2023-04-02 12:30:50,0%,0%,0%,1.10%,1.50%,1.20%,2.80%
2023-04-02 12:31:00,0%,0%,0%,1.10%,2.70%,1.40%,1.60%
2023-04-02 12:31:10,0%,0%,0%,0.100%,0.300%,0.100%,0.300%
2023-04-02 12:31:20,0%,0%,0%,0.700%,1.40%,0.700%,2.50%
2023-04-02 12:31:30,0%,0%,0%,0.200%,0.500%,0.400%,1.60%
2023-04-02 12:31:40,0%,0%,0%,0.500%,0.800%,0.300%,0.800%
2023-04-02 12:31:50,0%,0%,0%,0.400%,0.600%,0.900%,1.60%
2023-04-02 12:32:00,0%,0%,0%,1.20%,1.20%,0.800%,2.60%
2023-04-02 12:32:10,0%,0%,0%,0.600%,1.70%,1.000%,3.90%
2023-04-02 12:32:20,0%,0%,0%,0.100%,0.200%,0.200%,0.300%
2023-04-02 12:32:30,0%,0%,0%,0.900%,1.10%,0.800%,2.50%
2023-04-02 12:32:40,0%,0%,0%,0.600%,1.20%,0.900%,2.60%
2023-04-02 12:32:50,0%,0%,0%,0.1000%,0.200%,0.300%,1.60%
2023-04-02 12:33:00,0%,0%,0%,0.200%,0.200%,0.500%,3.00%
2023-04-02 12:33:10,0%,0%,0%,0.700%,1.10%,0.700%,2.20%
2023-04-02 12:33:20,0%,0%,0%,0.800%,1.80%,0.800%,1.20%
2023-04-02 12:33:30,0%,0%,0%,1.20%,2.00%,1.30%,1.10%
2023-04-02 12:33:40,0%,0%,0%,0.600%,1.000%,0.300%,0.500%
2023-04-02 12:33:50,0%,0%,0%,0.100%,0.300%,0.200%,1.60%
2023-04-02 12:34:00,0%,0%,0%,0.100%,0.300%,0%,1.40%
2023-04-02 12:34:10,0%,0%,0%,1.000%,2.10%,1.30%,3.30%
2023-04-02 12:34:20,0%,0%,0%,1.000%,1.40%,0.900%,1.90%
2023-04-02 12:34:30,0%,0%,0%,0.900%,1.50%,1.000%,2.20%
2023-04-02 12:34:40,0%,0%,0%,0.400%,0.600%,0.500%,2.00%
2023-04-02 12:34:50,0%,0%,0%,1.40%,1.60%,1.30%,1.60%
2023-04-02 12:35:00,0%,0%,0%,0.500%,0.400%,0.400%,3.00%
2023-04-02 12:35:10,0%,0%,0%,0.200%,0.300%,0.200%,1.70%
2023-04-02 12:35:20,0%,0%,0%,0.200%,0.300%,0.200%,3.20%
2023-04-02 12:35:30,0%,0%,0%,2.20%,3.90%,1.90%,3.70%
2023-04-02 12:35:40,0%,0%,0%,0.600%,0.700%,0.400%,3.00%
2023-04-02 12:35:50,0%,0%,0%,0%,0.200%,0.100%,0.100%
2023-04-02 12:36:00,0%,0%,0%,1.30%,1.90%,0.800%,1.000%
2023-04-02 12:36:10,0%,0%,0%,0%,0.300%,0.1000%,0.300%
2023-04-02 12:36:20,0%,0%,0%,0.800%,2.10%,1.40%,1.20%
2023-04-02 12:36:30,0%,0%,0%,0%,0.100%,0.1000%,0.200%
2023-04-02 12:36:40,0%,0%,0%,0.400%,0.600%,0.700%,1.80%
2023-04-02 12:36:50,0%,0%,0%,0%,0.200%,0.200%,1.70%
2023-04-02 12:37:00,0%,0%,0%,0.400%,1.000%,0.700%,1.000%
2023-04-02 12:37:10,0%,0%,0%,0.200%,0.800%,0.300%,3.40%
2023-04-02 12:37:20,0%,0%,0%,0.400%,0.500%,0.400%,0.500%
2023-04-02 12:37:30,0%,0%,0%,1.10%,1.40%,1.50%,1.70%
2023-04-02 12:37:40,0%,0%,0%,0%,0.100%,0.1000%,0.300%
2023-04-02 12:37:50,0%,0%,0%,0.600%,0.500%,0.700%,0.900%
2023-04-02 12:38:00,0%,0%,0%,0.700%,0.800%,0.800%,2.10%
2023-04-02 12:38:10,0%,0%,0%,0.1000%,0.100%,0.300%,1.60%
2023-04-02 12:38:20,0%,0%,0%,2.20%,3.50%,3.00%,2.90%
2023-04-02 12:38:30,0%,0%,0%,1.20%,2.10%,1.30%,1.50%
2023-04-02 12:38:40,0%,0%,0%,2.90%,6.00%,3.00%,3.20%
2023-04-02 12:38:50,0%,0%,0%,0.700%,0.700%,0.600%,0.900%
2023-04-02 12:39:00,0%,0%,0%,4.30%,6.90%,4.00%,8.30%
2023-04-02 12:39:10,0%,0%,0%,3.00%,4.60%,3.20%,6.10%
2023-04-02 12:39:20,0%,0%,0%,1.30%,2.60%,2.10%,6.70%
2023-04-02 12:39:30,0%,0%,0%,2.10%,2.10%,2.40%,6.60%
2023-04-02 12:39:40,0%,0%,0%,1.70%,2.00%,1.50%,7.90%
2023-04-02 12:39:50,0%,0%,0%,3.10%,4.20%,3.40%,7.10%
2023-04-02 12:40:00,0%,0%,0%,0.800%,1.30%,0.700%,3.60%
2023-04-02 12:40:10,0%,0%,0%,6.10%,10.8%,4.20%,6.20%
2023-04-02 12:40:20,0%,0%,0%,3.40%,4.90%,3.50%,5.40%
2023-04-02 12:40:30,0%,0%,0%,3.60%,4.60%,2.90%,8.80%
2023-04-02 12:40:40,0%,0%,0%,3.20%,3.00%,4.00%,6.60%
2023-04-02 12:40:50,0%,0%,0%,3.90%,5.10%,4.30%,8.70%
2023-04-02 12:41:00,0%,0%,0%,3.00%,3.60%,3.50%,10%
2023-04-02 12:41:10,0%,0%,0%,2.00%,2.30%,2.70%,10.6%
2023-04-02 12:41:20,0%,0%,0%,3.00%,4.60%,3.20%,8.20%
2023-04-02 12:41:30,0%,0%,0%,3.00%,4.00%,3.80%,7.60%
2023-04-02 12:41:40,0%,0%,0%,2.80%,3.80%,2.10%,4.00%
2023-04-02 12:41:50,0%,0%,0%,3.30%,4.40%,3.20%,7.40%
2023-04-02 12:42:00,0%,0%,0%,1.10%,1.80%,1.60%,5.70%
2023-04-02 12:42:10,0%,0%,0%,3.50%,4.80%,3.00%,3.60%
2023-04-02 12:42:20,0%,0%,0%,3.40%,3.60%,5.20%,4.50%
2023-04-02 12:42:30,0%,0%,0%,3.40%,4.40%,4.70%,6.10%
2023-04-02 12:42:40,0%,0%,0%,4.20%,4.00%,3.90%,9.90%
2023-04-02 12:42:50,0%,0%,0%,4.10%,4.40%,5.80%,8.60%
2023-04-02 12:43:00,0%,0%,0%,3.70%,6.30%,3.50%,13.2%
2023-04-02 12:43:10,0%,0%,0%,5.90%,9.10%,4.20%,8.80%
2023-04-02 12:43:20,0%,0%,0%,3.30%,5.20%,4.40%,10%
2023-04-02 12:43:30,0%,0%,0%,4.00%,4.40%,4.70%,8.30%
2023-04-02 12:43:40,0%,0%,0%,5.70%,5.80%,5.60%,6.90%
2023-04-02 12:43:50,0%,0%,0%,3.00%,2.60%,2.30%,10.1%
2023-04-02 12:44:00,0%,0%,0%,2.70%,3.30%,3.10%,5%
2023-04-02 12:44:10,0%,0%,0%,3.10%,4.40%,3.80%,8.50%
2023-04-02 12:44:20,0%,0%,0%,3.80%,4.10%,3.60%,10%
2023-04-02 12:44:30,0%,0%,0%,3.30%,3.80%,4.30%,6.80%
2023-04-02 12:44:40,0%,0%,0%,4.10%,6.30%,3.90%,9.80%
2023-04-02 12:44:50,0%,0%,0%,6.50%,9.00%,6.70%,8.20%
2023-04-02 12:45:00,0%,0%,0%,2.50%,2.50%,3.20%,8.00%
2023-04-02 12:45:10,0%,0%,0%,5.10%,9.00%,4.80%,4.70%
2023-04-02 12:45:20,0%,0%,0%,6.60%,7.90%,6.20%,11.1%
2023-04-02 12:45:30,0%,0%,0%,6.10%,8.00%,5.60%,6.50%
2023-04-02 12:45:40,0%,0%,0%,4.40%,4.10%,4.20%,9.10%
2023-04-02 12:45:50,0%,0%,0%,4.10%,4.90%,3.60%,11.2%
2023-04-02 12:46:00,0%,0%,0%,1.90%,2.90%,2.00%,8.10%
2023-04-02 12:46:10,0%,0%,0%,1.80%,3.30%,1.50%,9.00%
2023-04-02 12:46:20,0%,0%,0%,4.70%,6.40%,6.50%,9.30%
2023-04-02 12:46:30,0%,0%,0%,1.60%,1.80%,1.40%,8.90%
2023-04-02 12:46:40,0%,0%,0%,1.50%,1.70%,1.80%,11.7%
2023-04-02 12:46:50,0%,0%,0%,5.10%,5.70%,6.00%,16.7%
2023-04-02 12:47:00,0%,0%,0%,4.60%,5.10%,4.90%,16.0%
2023-04-02 12:47:10,0%,0%,0%,6.00%,8.00%,6.20%,19.3%
2023-04-02 12:47:20,0%,0%,0%,7.40%,8.70%,6.90%,15.9%
2023-04-02 12:47:30,0%,0%,0%,6.20%,7.40%,3.90%,12.9%
2023-04-02 12:47:40,0%,0%,0%,5.60%,5.50%,5.30%,19.7%
2023-04-02 12:47:50,0%,0%,0%,7.40%,6.80%,6.00%,18.3%
2023-04-02 12:48:00,0%,0%,0%,6.20%,6.20%,6.40%,12.7%
2023-04-02 12:48:10,0%,0%,0%,6.10%,6.60%,5.30%,17.0%
2023-04-02 12:48:20,0%,0%,0%,6.70%,6.80%,7.70%,18.6%
2023-04-02 12:48:30,0%,0%,0%,8.50%,5.60%,7.20%,13.9%
2023-04-02 12:48:40,0%,0%,0%,7.20%,6.20%,8.20%,18.9%
2023-04-02 12:48:50,0%,0%,0%,4.60%,4.90%,5.20%,15.8%
2023-04-02 12:49:00,0%,0%,0%,6.00%,6.30%,6.00%,21.5%
2023-04-02 12:49:10,0%,0%,0%,7.20%,8.60%,7.10%,17.8%
2023-04-02 12:49:20,0%,0%,0%,7.20%,8.50%,7.40%,21.6%
2023-04-02 12:49:30,0%,0%,0%,8.20%,4.60%,7.10%,22.3%
2023-04-02 12:49:40,0%,0%,0%,8.40%,4.40%,7.60%,27.1%
2023-04-02 12:49:50,0%,0%,0%,10.4%,4.50%,8.10%,24.0%
2023-04-02 12:50:00,0%,0%,0%,8.60%,5%,9.80%,28.2%
2023-04-02 12:50:10,0%,0%,0%,7.90%,10.2%,4.80%,11.5%
2023-04-02 12:50:20,0%,0%,0%,7.10%,9.80%,5.40%,7.30%
2023-04-02 12:50:30,0%,0%,0%,6.80%,7.40%,6.30%,12.4%
2023-04-02 12:50:40,0%,0%,0%,8.30%,7.70%,8.10%,20.9%
2023-04-02 12:50:50,0%,0%,0%,7.90%,6.80%,7.50%,9.60%
2023-04-02 12:51:00,0%,0%,0%,8.30%,6.50%,7.50%,18.1%
2023-04-02 12:51:10,0%,0%,0%,8.30%,8.20%,7.20%,21.9%
2023-04-02 12:51:20,0%,0%,0%,6.90%,6.00%,6.20%,7.10%
2023-04-02 12:51:30,0%,0%,0%,7.50%,4.40%,7.20%,19.5%
2023-04-02 12:51:40,0%,0%,0%,8.80%,6.80%,7.10%,21.5%
2023-04-02 12:51:50,0%,0%,0%,9.20%,6.40%,7.90%,21.8%
2023-04-02 12:52:00,0%,0%,0%,8.00%,6.50%,7.20%,26.5%
2023-04-02 12:52:10,0%,0%,0%,2.90%,3.40%,2.50%,4.20%
2023-04-02 12:52:20,0%,0%,0%,0.200%,0.300%,0.300%,3.10%
2023-04-02 12:52:30,0%,0%,0%,0.100%,0.300%,0.1000%,1.30%
2023-04-02 12:52:40,0%,0%,0%,0.800%,1.40%,1.50%,2.50%
2023-04-02 12:52:50,0%,0%,0%,1.20%,1.90%,1.60%,1.40%
2023-04-02 12:53:00,0%,0%,0%,1.50%,2.40%,1.10%,1.60%
2023-04-02 12:53:10,0%,0%,0%,1.30%,1.90%,1.10%,1.90%
2023-04-02 12:53:20,0%,0%,0%,0.200%,0.500%,0.1000%,1.60%
2023-04-02 12:53:30,0%,0%,0%,1.000%,1.80%,1.00%,3.10%
2023-04-02 12:53:40,0%,0%,0%,1.80%,2.10%,1.50%,3.50%
2023-04-02 12:53:50,0%,0%,0%,2.40%,3.20%,2.50%,3.80%
2023-04-02 12:54:00,0%,0%,0%,3.10%,4.70%,2.10%,3.70%
2023-04-02 12:54:10,0%,0%,0%,1.20%,1.80%,1.20%,2.10%
2023-04-02 12:54:20,0%,0%,0%,0.300%,0.600%,0.500%,4.60%
2023-04-02 12:54:30,0%,0%,0%,0.300%,0.100%,0.400%,1.30%
2023-04-02 12:54:40,0%,0%,0%,0.400%,0.800%,0.500%,2.50%
2023-04-02 12:54:50,0%,0%,0%,0%,0.200%,0.200%,1.60%
2023-04-02 12:55:00,0%,0%,0%,1.30%,2.00%,1.60%,2.30%
2023-04-02 12:55:10,0%,0%,0%,0.400%,0.500%,0.300%,4.90%
2023-04-02 12:55:20,0%,0%,0%,1.10%,1.70%,1.30%,2.40%
2023-04-02 12:55:30,0%,0%,0%,1.10%,1.40%,1.30%,2.40%
2023-04-02 12:55:40,0%,0%,0%,1.20%,2.00%,1.80%,1.70%
2023-04-02 12:55:50,0%,0%,0%,0.900%,1.10%,0.600%,1.80%
2023-04-02 12:56:00,0%,0%,0%,2.60%,3.60%,2.70%,10.6%
2023-04-02 12:56:10,0%,0%,0%,4.40%,7.20%,4.30%,11.8%
2023-04-02 12:56:20,0%,0%,0%,5.20%,8.20%,4.30%,9.70%
2023-04-02 12:56:30,0%,0%,0%,4.70%,5.60%,3.80%,6.00%
2023-04-02 12:56:40,0%,0%,0%,4.60%,7.20%,2.90%,4.30%
2023-04-02 12:56:50,0%,0%,0%,5.10%,5.60%,3.50%,6.80%
2023-04-02 12:57:00,0%,0%,0%,6.80%,7.10%,4.50%,13.5%
2023-04-02 12:57:10,0%,0%,0%,6.10%,5.20%,4.10%,6.60%
2023-04-02 12:57:20,0%,0%,0%,5.30%,4.60%,3.60%,6.20%
2023-04-02 12:57:30,0%,0%,0%,8.60%,7.40%,5.60%,8.50%
2023-04-02 12:57:40,0%,0%,0%,2.40%,3.20%,3.20%,8.70%
2023-04-02 12:57:50,0%,0%,0%,3.80%,5.70%,3.60%,6.30%
2023-04-02 12:58:00,0%,0%,0%,4.00%,5.30%,4.00%,8.40%
2023-04-02 12:58:10,0%,0%,0%,9.40%,13.0%,6.70%,12.9%
2023-04-02 12:58:20,0%,0%,0%,6.60%,7.30%,6.10%,13.6%
2023-04-02 12:58:30,0%,0%,0%,2.00%,3.60%,1.90%,9.40%
2023-04-02 12:58:40,0%,0%,0%,7.00%,8.60%,5.80%,12.7%
2023-04-02 12:58:50,0%,0%,0%,5.10%,6.70%,4.20%,9.10%
2023-04-02 12:59:00,0%,0%,0%,4.70%,6.30%,5.40%,13.2%
2023-04-02 12:59:10,0%,0%,0%,2.60%,4.10%,2.60%,9.90%
2023-04-02 12:59:20,0%,0%,0%,2.60%,3.50%,3.30%,14.5%
2023-04-02 12:59:30,0%,0%,0%,3.90%,3.80%,3.80%,11.3%
2023-04-02 12:59:40,0%,0%,0%,6.80%,7.30%,7.40%,15.4%
2023-04-02 12:59:50,0%,0%,0%,5.60%,7.00%,5.80%,12.0%
2023-04-02 13:00:00,0%,0%,0%,2.20%,2.10%,2.30%,11.6%
2023-04-02 13:00:10,0%,0%,0%,2.00%,4.40%,1.30%,6.50%
2023-04-02 13:00:20,0%,0%,0%,1.50%,2.70%,1.30%,2.50%
2023-04-02 13:00:30,0%,0%,0%,3.90%,4.90%,2.90%,4.60%
2023-04-02 13:00:40,0%,0%,0%,2.40%,3.30%,1.70%,6.00%
2023-04-02 13:00:50,0%,0%,0%,1.90%,3.10%,1.60%,4.60%
2023-04-02 13:01:00,0%,0%,0%,6.40%,10.5%,5.30%,5.20%
2023-04-02 13:01:10,0%,0%,0%,0.700%,1.20%,0.300%,3.30%
2023-04-02 13:01:20,0%,0%,0%,1.50%,3.10%,1.10%,3.00%
2023-04-02 13:01:30,0%,0%,0%,0.300%,0.700%,0.700%,0.500%
2023-04-02 13:01:40,0%,0%,0%,0%,0.300%,0.200%,1.90%
2023-04-02 13:01:50,0%,0%,0%,0.1000%,0.200%,0.200%,1.10%
2023-04-02 13:02:00,0%,0%,0%,0%,0.100%,0.100%,0.200%
2023-04-02 13:02:10,0%,0%,0%,2.00%,2.50%,1.10%,1.70%
2023-04-02 13:02:20,0%,0%,0%,0.500%,0.600%,0.400%,0.700%
2023-04-02 13:02:30,0%,0%,0%,0.900%,1.30%,0.900%,1.00%
2023-04-02 13:02:40,0%,0%,0%,0.600%,0.900%,0.600%,2.20%
2023-04-02 13:02:50,0%,0%,0%,0.700%,1.30%,0.400%,2.20%
2023-04-02 13:03:00,0%,0%,0%,0.700%,0.800%,0.700%,1.80%
2023-04-02 13:03:10,0%,0%,0%,0.200%,0.300%,0.200%,0.400%
2023-04-02 13:03:20,0%,0%,0%,1.20%,1.50%,0.900%,2.90%
2023-04-02 13:03:30,0%,0%,0%,0.1000%,0.200%,0.300%,1.90%
2023-04-02 13:03:40,0%,0%,0%,0.500%,0.800%,0.600%,1.10%
2023-04-02 13:03:50,0%,0%,0%,0.1000%,0.300%,0.200%,1.70%
2023-04-02 13:04:00,0%,0%,0%,0.400%,0.500%,0.500%,0.400%
2023-04-02 13:04:10,0%,0%,0%,1.00%,1.40%,0.600%,3.40%
2023-04-02 13:04:20,0%,0%,0%,1.30%,1.80%,1.10%,5.30%
2023-04-02 13:04:30,0%,0%,0%,0.700%,0.600%,0.600%,4.90%
2023-04-02 13:04:40,0%,0%,0%,2.40%,3.20%,2.40%,4.50%
2023-04-02 13:04:50,0%,0%,0%,1.80%,2.80%,1.80%,5%
2023-04-02 13:05:00,0%,0%,0%,0.400%,0.500%,0.700%,3.50%
2023-04-02 13:05:10,0%,0%,0%,1.20%,2.20%,1.20%,8.00%
2023-04-02 13:05:20,0%,0%,0%,2.00%,2.60%,2.00%,7.20%
2023-04-02 13:05:30,0%,0%,0%,3.00%,4.70%,3.20%,10.2%
2023-04-02 13:05:40,0%,0%,0%,1.000%,1.20%,1.20%,5%
2023-04-02 13:05:50,0%,0%,0%,2.30%,3.20%,3.10%,10.5%
2023-04-02 13:06:00,0%,0%,0%,3.70%,4.40%,3.00%,5.10%
2023-04-02 13:06:10,0%,0%,0%,2.70%,3.50%,2.30%,8.20%
2023-04-02 13:06:20,0%,0%,0%,3.60%,3.70%,4.30%,9.60%
2023-04-02 13:06:30,0%,0%,0%,2.90%,3.40%,3.60%,9.10%
2023-04-02 13:06:40,0%,0%,0%,3.90%,4.80%,3.30%,12.1%
2023-04-02 13:06:50,0%,0%,0%,3.10%,3.60%,3.20%,10.9%
2023-04-02 13:07:00,0%,0%,0%,4.60%,6.10%,4.50%,9.40%
2023-04-02 13:07:10,0%,0%,0%,5.20%,7.10%,4.70%,7.30%
2023-04-02 13:07:20,0%,0%,0%,4.00%,5.80%,5%,10.7%
2023-04-02 13:07:30,0%,0%,0%,4.30%,4.90%,4.40%,7.50%
2023-04-02 13:07:40,0%,0%,0%,3.00%,3.00%,2.50%,14.3%
2023-04-02 13:07:50,0%,0%,0%,4.60%,4.50%,4.00%,11.1%
2023-04-02 13:08:00,0%,0%,0%,4.80%,5.40%,5.30%,13.7%
2023-04-02 13:08:10,0%,0%,0%,4.40%,4.90%,3.70%,11.0%
2023-04-02 13:08:20,0%,0%,0%,6.30%,7.70%,6.00%,14.8%
2023-04-02 13:08:30,0%,0%,0%,1.80%,1.70%,1.30%,8.10%
2023-04-02 13:08:40,0%,0%,0%,3.50%,5.90%,4.00%,13.7%
2023-04-02 13:08:50,0%,0%,0%,3.00%,3.40%,3.50%,7.60%
2023-04-02 13:09:00,0%,0%,0%,1.70%,2.00%,1.80%,10.5%
2023-04-02 13:09:10,0%,0%,0%,3.80%,7.10%,3.50%,9.30%
2023-04-02 13:09:20,0%,0%,0%,4.00%,5.60%,3.10%,10.1%
2023-04-02 13:09:30,0%,0%,0%,2.70%,3.30%,2.70%,7.40%
2023-04-02 13:09:40,0%,0%,0%,3.40%,4.70%,3.90%,14.9%
2023-04-02 13:09:50,0%,0%,0%,5.50%,7.30%,3.60%,5.60%
2023-04-02 13:10:00,0%,0%,0%,6.70%,7.00%,6.30%,8.10%
2023-04-02 13:10:10,0%,0%,0%,3.70%,6.30%,3.00%,12.7%
2023-04-02 13:10:20,0%,0%,0%,5.60%,9.30%,5.90%,12.4%
2023-04-02 13:10:30,0%,0%,0%,4.00%,4.70%,3.60%,14.4%
2023-04-02 13:10:40,0%,0%,0%,5.80%,6.50%,5.40%,5.60%
2023-04-02 13:10:50,0%,0%,0%,4.70%,6.30%,4.80%,9.30%
2023-04-02 13:11:00,0%,0%,0%,3.40%,5.50%,4.30%,8.50%
2023-04-02 13:11:10,0%,0%,0%,4.20%,5.80%,4.80%,7.00%
2023-04-02 13:11:20,0%,0%,0%,4.00%,6.80%,4.30%,7.30%
2023-04-02 13:11:30,0%,0%,0%,1.70%,1.90%,1.80%,5.50%
2023-04-02 13:11:40,0%,0%,0%,2.40%,2.90%,2.00%,7.70%
2023-04-02 13:11:50,0%,0%,0%,0%,0.200%,0.200%,1.60%
2023-04-02 13:12:00,0%,0%,0%,3.90%,5.20%,4.20%,6.80%
2023-04-02 13:12:10,0%,0%,0%,2.20%,3.50%,2.40%,5.90%
2023-04-02 13:12:20,0%,0%,0%,3.90%,3.70%,5.40%,8.40%
2023-04-02 13:12:30,0%,0%,0%,2.30%,3.10%,1.80%,5.20%
2023-04-02 13:12:40,0%,0%,0%,3.30%,3.50%,4.60%,5.70%
2023-04-02 13:12:50,0%,0%,0%,1.30%,1.30%,1.40%,8.60%
2023-04-02 13:13:00,0%,0%,0%,2.20%,3.20%,1.70%,6.10%
2023-04-02 13:13:10,0%,0%,0%,4.00%,6.20%,3.20%,7.20%
2023-04-02 13:13:20,0%,0%,0%,2.60%,3.40%,1.80%,7.20%
2023-04-02 13:13:30,0%,0%,0%,2.50%,3.20%,2.80%,9.90%
2023-04-02 13:13:40,0%,0%,0%,3.60%,4.60%,5%,9.40%
2023-04-02 13:13:50,0%,0%,0%,2.70%,4.10%,2.80%,5.80%
2023-04-02 13:14:00,0%,0%,0%,4.70%,5.90%,4.30%,8.90%
2023-04-02 13:14:10,0%,0%,0%,3.40%,4.80%,3.40%,7.80%
2023-04-02 13:14:20,0%,0%,0%,5%,7.10%,5.30%,10.5%
2023-04-02 13:14:30,0%,0%,0%,3.00%,3.70%,3.00%,15.6%
2023-04-02 13:14:40,0%,0%,0%,3.60%,4.60%,4.50%,13.7%
2023-04-02 13:14:50,0%,0%,0%,6.40%,5.50%,5.50%,10.3%
2023-04-02 13:15:00,0%,0%,0%,4.60%,4.60%,5.20%,10.2%
2023-04-02 13:15:10,0%,0%,0%,5.50%,8.10%,5.50%,10.1%
2023-04-02 13:15:20,0%,0%,0%,4.20%,5.80%,4.50%,13.2%
2023-04-02 13:15:30,0%,0%,0%,2.10%,2.90%,2.60%,11.4%
2023-04-02 13:15:40,0.1000%,0%,0%,2.40%,2.80%,3.10%,16.8%
2023-04-02 13:15:50,0%,0%,0%,5.10%,7.90%,5.90%,10.9%
2023-04-02 13:16:00,0%,0%,0%,4.30%,6.50%,4.50%,12.9%
2023-04-02 13:16:10,0.100%,0%,0%,3.10%,4.70%,2.70%,10%
2023-04-02 13:16:20,0%,0%,0%,4.30%,7.40%,4.20%,14.1%
2023-04-02 13:16:30,0%,0%,0%,1.80%,2.60%,1.60%,12.9%
2023-04-02 13:16:40,0.1000%,0%,0%,2.00%,2.70%,2.20%,11.1%
2023-04-02 13:16:50,0%,0%,0%,2.70%,3.50%,1.90%,11.8%
2023-04-02 13:17:00,0%,0%,0%,3.60%,6.30%,4.00%,4.60%
2023-04-02 13:17:10,0%,0%,0%,3.20%,6.50%,2.90%,11.0%
2023-04-02 13:17:20,0%,0%,0%,4.80%,8.00%,5.50%,10.8%
2023-04-02 13:17:30,0%,0%,0%,4.10%,6.30%,3.50%,13.8%
2023-04-02 13:17:40,0.1000%,0%,0%,5.80%,7.80%,5.90%,20.6%
2023-04-02 13:17:50,0%,0%,0%,6.80%,9.00%,6.30%,7.60%
2023-04-02 13:18:00,0%,0%,0%,4.80%,4.50%,4.70%,6.50%
2023-04-02 13:18:10,0%,0%,0%,7.10%,8.40%,4.50%,9.30%

