"Time","Used","Buffer","Cached","Free"
2023-04-02 11:18:10,328 MiB,14.0 MiB,412 MiB,216 MiB
2023-04-02 11:18:20,328 MiB,14.0 MiB,412 MiB,216 MiB
2023-04-02 11:18:30,334 MiB,14.0 MiB,412 MiB,210 MiB
2023-04-02 11:18:40,343 MiB,14.0 MiB,412 MiB,200 MiB
2023-04-02 11:18:50,343 MiB,14.0 MiB,412 MiB,200 MiB
2023-04-02 11:19:00,344 MiB,14.0 MiB,412 MiB,200 MiB
2023-04-02 11:19:10,344 MiB,14.0 MiB,412 MiB,199 MiB
2023-04-02 11:19:20,340 MiB,14.0 MiB,412 MiB,204 MiB
2023-04-02 11:19:30,340 MiB,14.0 MiB,412 MiB,203 MiB
2023-04-02 11:19:40,340 MiB,14.0 MiB,412 MiB,203 MiB
2023-04-02 11:19:50,340 MiB,14.0 MiB,412 MiB,203 MiB
2023-04-02 11:20:00,340 MiB,14.0 MiB,412 MiB,203 MiB
2023-04-02 11:20:10,340 MiB,14.0 MiB,412 MiB,203 MiB
2023-04-02 11:20:20,340 MiB,14.0 MiB,412 MiB,203 MiB
2023-04-02 11:20:30,340 MiB,14.0 MiB,412 MiB,203 MiB
2023-04-02 11:20:40,338 MiB,14.0 MiB,412 MiB,205 MiB
2023-04-02 11:20:50,338 MiB,14.0 MiB,412 MiB,205 MiB
2023-04-02 11:21:00,338 MiB,14.0 MiB,412 MiB,205 MiB
2023-04-02 11:21:10,342 MiB,14.0 MiB,412 MiB,201 MiB
2023-04-02 11:21:20,340 MiB,14.0 MiB,412 MiB,203 MiB
2023-04-02 11:21:30,340 MiB,14.0 MiB,412 MiB,203 MiB
2023-04-02 11:21:40,340 MiB,14.0 MiB,412 MiB,203 MiB
2023-04-02 11:21:50,340 MiB,14.0 MiB,412 MiB,203 MiB
2023-04-02 11:22:00,336 MiB,14.0 MiB,412 MiB,207 MiB
2023-04-02 11:22:10,336 MiB,14.0 MiB,412 MiB,207 MiB
2023-04-02 11:22:20,336 MiB,14.0 MiB,412 MiB,207 MiB
2023-04-02 11:22:30,344 MiB,14.0 MiB,412 MiB,199 MiB
2023-04-02 11:22:40,340 MiB,14.0 MiB,412 MiB,203 MiB
2023-04-02 11:22:50,340 MiB,14.0 MiB,412 MiB,203 MiB
2023-04-02 11:23:00,344 MiB,14.0 MiB,412 MiB,199 MiB
2023-04-02 11:23:10,344 MiB,14.0 MiB,412 MiB,199 MiB
2023-04-02 11:23:20,344 MiB,14.0 MiB,412 MiB,199 MiB
2023-04-02 11:23:30,344 MiB,14.0 MiB,412 MiB,199 MiB
2023-04-02 11:23:40,344 MiB,14.0 MiB,412 MiB,199 MiB
2023-04-02 11:23:50,340 MiB,14.0 MiB,412 MiB,203 MiB
2023-04-02 11:24:00,342 MiB,14.0 MiB,412 MiB,201 MiB
2023-04-02 11:24:10,336 MiB,14.0 MiB,412 MiB,207 MiB
2023-04-02 11:24:20,336 MiB,14.0 MiB,412 MiB,207 MiB
2023-04-02 11:24:30,336 MiB,14.0 MiB,412 MiB,207 MiB
2023-04-02 11:24:40,344 MiB,14.1 MiB,413 MiB,199 MiB
2023-04-02 11:24:50,344 MiB,14.1 MiB,413 MiB,199 MiB
2023-04-02 11:25:00,344 MiB,14.1 MiB,413 MiB,199 MiB
2023-04-02 11:25:10,344 MiB,14.1 MiB,413 MiB,199 MiB
2023-04-02 11:25:20,344 MiB,14.1 MiB,413 MiB,199 MiB
2023-04-02 11:25:30,339 MiB,14.1 MiB,413 MiB,203 MiB
2023-04-02 11:25:40,339 MiB,14.1 MiB,413 MiB,203 MiB
2023-04-02 11:25:50,339 MiB,14.1 MiB,413 MiB,203 MiB
2023-04-02 11:26:00,339 MiB,14.1 MiB,413 MiB,203 MiB
2023-04-02 11:26:10,339 MiB,14.1 MiB,413 MiB,203 MiB
2023-04-02 11:26:20,339 MiB,14.1 MiB,413 MiB,203 MiB
2023-04-02 11:26:30,339 MiB,14.1 MiB,413 MiB,203 MiB
2023-04-02 11:26:40,339 MiB,14.1 MiB,413 MiB,203 MiB
2023-04-02 11:26:50,341 MiB,14.1 MiB,413 MiB,201 MiB
2023-04-02 11:27:00,341 MiB,14.1 MiB,413 MiB,201 MiB
2023-04-02 11:27:10,341 MiB,14.1 MiB,413 MiB,201 MiB
2023-04-02 11:27:20,341 MiB,14.1 MiB,413 MiB,202 MiB
2023-04-02 11:27:30,341 MiB,14.1 MiB,413 MiB,202 MiB
2023-04-02 11:27:40,341 MiB,14.1 MiB,413 MiB,202 MiB
2023-04-02 11:27:50,339 MiB,14.1 MiB,413 MiB,204 MiB
2023-04-02 11:28:00,339 MiB,14.1 MiB,413 MiB,204 MiB
2023-04-02 11:28:10,339 MiB,14.1 MiB,413 MiB,204 MiB
2023-04-02 11:28:20,339 MiB,14.1 MiB,413 MiB,204 MiB
2023-04-02 11:28:30,339 MiB,14.1 MiB,413 MiB,204 MiB
2023-04-02 11:28:40,339 MiB,14.1 MiB,413 MiB,204 MiB
2023-04-02 11:28:50,339 MiB,14.1 MiB,413 MiB,204 MiB
2023-04-02 11:29:00,339 MiB,14.1 MiB,413 MiB,204 MiB
2023-04-02 11:29:10,339 MiB,14.1 MiB,413 MiB,204 MiB
2023-04-02 11:29:20,339 MiB,14.1 MiB,413 MiB,204 MiB
2023-04-02 11:29:30,339 MiB,14.1 MiB,413 MiB,204 MiB
2023-04-02 11:29:40,339 MiB,14.1 MiB,413 MiB,204 MiB
2023-04-02 11:29:50,339 MiB,14.1 MiB,413 MiB,204 MiB
2023-04-02 11:30:00,339 MiB,14.1 MiB,413 MiB,204 MiB
2023-04-02 11:30:10,339 MiB,14.1 MiB,413 MiB,204 MiB
2023-04-02 11:30:20,339 MiB,14.1 MiB,413 MiB,204 MiB
2023-04-02 11:30:30,339 MiB,14.1 MiB,413 MiB,204 MiB
2023-04-02 11:30:40,339 MiB,14.1 MiB,413 MiB,204 MiB
2023-04-02 11:30:50,339 MiB,14.1 MiB,413 MiB,204 MiB
2023-04-02 11:31:00,339 MiB,14.1 MiB,413 MiB,204 MiB
2023-04-02 11:31:10,339 MiB,14.1 MiB,413 MiB,204 MiB
2023-04-02 11:31:20,339 MiB,14.1 MiB,413 MiB,204 MiB
2023-04-02 11:31:30,339 MiB,14.1 MiB,413 MiB,204 MiB
2023-04-02 11:31:40,339 MiB,14.1 MiB,413 MiB,204 MiB
2023-04-02 11:31:50,339 MiB,14.1 MiB,413 MiB,204 MiB
2023-04-02 11:32:00,339 MiB,14.1 MiB,413 MiB,204 MiB
2023-04-02 11:32:10,339 MiB,14.1 MiB,413 MiB,204 MiB
2023-04-02 11:32:20,339 MiB,14.1 MiB,413 MiB,204 MiB
2023-04-02 11:32:30,343 MiB,14.1 MiB,413 MiB,200 MiB
2023-04-02 11:32:40,341 MiB,14.1 MiB,413 MiB,202 MiB
2023-04-02 11:32:50,341 MiB,14.1 MiB,413 MiB,202 MiB
2023-04-02 11:33:00,341 MiB,14.1 MiB,413 MiB,202 MiB
2023-04-02 11:33:10,339 MiB,14.1 MiB,413 MiB,204 MiB
2023-04-02 11:33:20,343 MiB,14.1 MiB,413 MiB,200 MiB
2023-04-02 11:33:30,343 MiB,14.1 MiB,413 MiB,200 MiB
2023-04-02 11:33:40,343 MiB,14.1 MiB,413 MiB,200 MiB
2023-04-02 11:33:50,343 MiB,14.1 MiB,413 MiB,200 MiB
2023-04-02 11:34:00,343 MiB,14.1 MiB,413 MiB,200 MiB
2023-04-02 11:34:10,343 MiB,14.1 MiB,413 MiB,200 MiB
2023-04-02 11:34:20,343 MiB,14.1 MiB,413 MiB,200 MiB
2023-04-02 11:34:30,343 MiB,14.1 MiB,413 MiB,200 MiB
2023-04-02 11:34:40,343 MiB,14.1 MiB,413 MiB,200 MiB
2023-04-02 11:34:50,339 MiB,14.1 MiB,413 MiB,204 MiB
2023-04-02 11:35:00,338 MiB,14.1 MiB,413 MiB,205 MiB
2023-04-02 11:35:10,340 MiB,14.2 MiB,413 MiB,202 MiB
2023-04-02 11:35:20,341 MiB,14.2 MiB,413 MiB,202 MiB
2023-04-02 11:35:30,338 MiB,14.2 MiB,413 MiB,204 MiB
2023-04-02 11:35:40,336 MiB,14.2 MiB,416 MiB,204 MiB
2023-04-02 11:35:50,336 MiB,14.2 MiB,416 MiB,204 MiB
2023-04-02 11:36:00,336 MiB,14.2 MiB,416 MiB,204 MiB
2023-04-02 11:36:10,336 MiB,14.2 MiB,416 MiB,204 MiB
2023-04-02 11:36:20,336 MiB,14.3 MiB,416 MiB,204 MiB
2023-04-02 11:36:30,340 MiB,14.3 MiB,416 MiB,200 MiB
2023-04-02 11:36:40,346 MiB,14.3 MiB,416 MiB,194 MiB
2023-04-02 11:36:50,356 MiB,14.3 MiB,416 MiB,184 MiB
2023-04-02 11:37:00,353 MiB,14.3 MiB,416 MiB,186 MiB
2023-04-02 11:37:10,349 MiB,14.3 MiB,416 MiB,191 MiB
2023-04-02 11:37:20,349 MiB,14.3 MiB,416 MiB,191 MiB
2023-04-02 11:37:30,353 MiB,14.3 MiB,416 MiB,187 MiB
2023-04-02 11:37:40,351 MiB,14.3 MiB,416 MiB,189 MiB
2023-04-02 11:37:50,351 MiB,14.3 MiB,416 MiB,189 MiB
2023-04-02 11:38:00,359 MiB,14.3 MiB,416 MiB,181 MiB
2023-04-02 11:38:10,356 MiB,14.3 MiB,416 MiB,183 MiB
2023-04-02 11:38:20,348 MiB,14.3 MiB,416 MiB,192 MiB
2023-04-02 11:38:30,348 MiB,14.3 MiB,416 MiB,192 MiB
2023-04-02 11:38:40,356 MiB,14.3 MiB,416 MiB,184 MiB
2023-04-02 11:38:50,349 MiB,14.3 MiB,416 MiB,190 MiB
2023-04-02 11:39:00,348 MiB,14.3 MiB,416 MiB,191 MiB
2023-04-02 11:39:10,348 MiB,14.3 MiB,416 MiB,191 MiB
2023-04-02 11:39:20,348 MiB,14.3 MiB,416 MiB,191 MiB
2023-04-02 11:39:30,348 MiB,14.3 MiB,416 MiB,191 MiB
2023-04-02 11:39:40,352 MiB,14.3 MiB,416 MiB,187 MiB
2023-04-02 11:39:50,350 MiB,14.3 MiB,416 MiB,189 MiB
2023-04-02 11:40:00,346 MiB,14.3 MiB,416 MiB,194 MiB
2023-04-02 11:40:10,346 MiB,14.3 MiB,416 MiB,194 MiB
2023-04-02 11:40:20,346 MiB,14.3 MiB,416 MiB,194 MiB
2023-04-02 11:40:30,346 MiB,14.3 MiB,416 MiB,194 MiB
2023-04-02 11:40:40,346 MiB,14.3 MiB,416 MiB,194 MiB
2023-04-02 11:40:50,346 MiB,14.3 MiB,416 MiB,194 MiB
2023-04-02 11:41:00,354 MiB,14.3 MiB,416 MiB,186 MiB
2023-04-02 11:41:10,354 MiB,14.3 MiB,416 MiB,186 MiB
2023-04-02 11:41:20,349 MiB,14.3 MiB,416 MiB,190 MiB
2023-04-02 11:41:30,349 MiB,14.3 MiB,416 MiB,190 MiB
2023-04-02 11:41:40,349 MiB,14.3 MiB,416 MiB,190 MiB
2023-04-02 11:41:50,349 MiB,14.3 MiB,416 MiB,190 MiB
2023-04-02 11:42:00,349 MiB,14.3 MiB,416 MiB,190 MiB
2023-04-02 11:42:10,349 MiB,14.3 MiB,416 MiB,190 MiB
2023-04-02 11:42:20,349 MiB,14.3 MiB,416 MiB,190 MiB
2023-04-02 11:42:30,347 MiB,14.3 MiB,416 MiB,192 MiB
2023-04-02 11:42:40,353 MiB,14.3 MiB,416 MiB,187 MiB
2023-04-02 11:42:50,346 MiB,14.3 MiB,416 MiB,193 MiB
2023-04-02 11:43:00,354 MiB,14.3 MiB,416 MiB,185 MiB
2023-04-02 11:43:10,354 MiB,14.3 MiB,416 MiB,185 MiB
2023-04-02 11:43:20,352 MiB,14.3 MiB,416 MiB,188 MiB
2023-04-02 11:43:30,351 MiB,14.3 MiB,416 MiB,188 MiB
2023-04-02 11:43:40,349 MiB,14.3 MiB,416 MiB,190 MiB
2023-04-02 11:43:50,344 MiB,14.3 MiB,416 MiB,195 MiB
2023-04-02 11:44:00,344 MiB,14.3 MiB,416 MiB,195 MiB
2023-04-02 11:44:10,355 MiB,14.3 MiB,416 MiB,184 MiB
2023-04-02 11:44:20,353 MiB,14.3 MiB,416 MiB,187 MiB
2023-04-02 11:44:30,353 MiB,14.3 MiB,416 MiB,187 MiB
2023-04-02 11:44:40,353 MiB,14.3 MiB,416 MiB,187 MiB
2023-04-02 11:44:50,352 MiB,14.3 MiB,416 MiB,187 MiB
2023-04-02 11:45:00,354 MiB,14.3 MiB,416 MiB,186 MiB
2023-04-02 11:45:10,363 MiB,14.3 MiB,416 MiB,176 MiB
2023-04-02 11:45:20,360 MiB,14.3 MiB,416 MiB,179 MiB
2023-04-02 11:45:30,358 MiB,14.3 MiB,416 MiB,182 MiB
2023-04-02 11:45:40,358 MiB,14.3 MiB,416 MiB,182 MiB
2023-04-02 11:45:50,349 MiB,14.3 MiB,416 MiB,191 MiB
2023-04-02 11:46:00,342 MiB,14.3 MiB,416 MiB,197 MiB
2023-04-02 11:46:10,360 MiB,14.3 MiB,416 MiB,180 MiB
2023-04-02 11:46:20,360 MiB,14.3 MiB,416 MiB,179 MiB
2023-04-02 11:46:30,360 MiB,14.3 MiB,416 MiB,179 MiB
2023-04-02 11:46:40,360 MiB,14.3 MiB,416 MiB,179 MiB
2023-04-02 11:46:50,360 MiB,14.3 MiB,416 MiB,179 MiB
2023-04-02 11:47:00,360 MiB,14.3 MiB,416 MiB,179 MiB
2023-04-02 11:47:10,360 MiB,14.3 MiB,416 MiB,179 MiB
2023-04-02 11:47:20,356 MiB,14.3 MiB,416 MiB,184 MiB
2023-04-02 11:47:30,353 MiB,14.3 MiB,416 MiB,186 MiB
2023-04-02 11:47:40,353 MiB,14.3 MiB,416 MiB,186 MiB
2023-04-02 11:47:50,353 MiB,14.3 MiB,416 MiB,186 MiB
2023-04-02 11:48:00,353 MiB,14.3 MiB,416 MiB,186 MiB
2023-04-02 11:48:10,353 MiB,14.3 MiB,416 MiB,186 MiB
2023-04-02 11:48:20,353 MiB,14.3 MiB,416 MiB,186 MiB
2023-04-02 11:48:30,353 MiB,14.3 MiB,416 MiB,186 MiB
2023-04-02 11:48:40,353 MiB,14.3 MiB,416 MiB,186 MiB
2023-04-02 11:48:50,353 MiB,14.3 MiB,416 MiB,187 MiB
2023-04-02 11:49:00,353 MiB,14.3 MiB,416 MiB,187 MiB
2023-04-02 11:49:10,353 MiB,14.3 MiB,416 MiB,187 MiB
2023-04-02 11:49:20,353 MiB,14.3 MiB,416 MiB,187 MiB
2023-04-02 11:49:30,353 MiB,14.3 MiB,416 MiB,187 MiB
2023-04-02 11:49:40,353 MiB,14.3 MiB,416 MiB,187 MiB
2023-04-02 11:49:50,353 MiB,14.3 MiB,416 MiB,187 MiB
2023-04-02 11:50:00,346 MiB,14.3 MiB,416 MiB,193 MiB
2023-04-02 11:50:10,346 MiB,14.3 MiB,416 MiB,193 MiB
2023-04-02 11:50:20,376 MiB,14.3 MiB,416 MiB,164 MiB
2023-04-02 11:50:30,368 MiB,14.3 MiB,416 MiB,171 MiB
2023-04-02 11:50:40,358 MiB,14.3 MiB,416 MiB,182 MiB
2023-04-02 11:50:50,360 MiB,14.3 MiB,416 MiB,180 MiB
2023-04-02 11:51:00,346 MiB,14.3 MiB,416 MiB,193 MiB
2023-04-02 11:51:10,348 MiB,14.3 MiB,416 MiB,191 MiB
2023-04-02 11:51:20,356 MiB,14.3 MiB,416 MiB,183 MiB
2023-04-02 11:51:30,356 MiB,14.3 MiB,416 MiB,183 MiB
2023-04-02 11:51:40,356 MiB,14.3 MiB,416 MiB,183 MiB
2023-04-02 11:51:50,356 MiB,14.3 MiB,416 MiB,183 MiB
2023-04-02 11:52:00,363 MiB,14.3 MiB,416 MiB,176 MiB
2023-04-02 11:52:10,356 MiB,14.3 MiB,416 MiB,183 MiB
2023-04-02 11:52:20,352 MiB,14.3 MiB,416 MiB,187 MiB
2023-04-02 11:52:30,345 MiB,14.3 MiB,416 MiB,194 MiB
2023-04-02 11:52:40,361 MiB,14.3 MiB,416 MiB,179 MiB
2023-04-02 11:52:50,356 MiB,14.3 MiB,416 MiB,183 MiB
2023-04-02 11:53:00,360 MiB,14.3 MiB,416 MiB,179 MiB
2023-04-02 11:53:10,354 MiB,14.3 MiB,416 MiB,186 MiB
2023-04-02 11:53:20,354 MiB,14.3 MiB,416 MiB,186 MiB
2023-04-02 11:53:30,351 MiB,14.3 MiB,416 MiB,188 MiB
2023-04-02 11:53:40,355 MiB,14.3 MiB,416 MiB,184 MiB
2023-04-02 11:53:50,355 MiB,14.3 MiB,416 MiB,184 MiB
2023-04-02 11:54:00,355 MiB,14.3 MiB,416 MiB,184 MiB
2023-04-02 11:54:10,355 MiB,14.3 MiB,416 MiB,184 MiB
2023-04-02 11:54:20,353 MiB,14.3 MiB,416 MiB,186 MiB
2023-04-02 11:54:30,353 MiB,14.3 MiB,416 MiB,186 MiB
2023-04-02 11:54:40,353 MiB,14.3 MiB,416 MiB,186 MiB
2023-04-02 11:54:50,353 MiB,14.3 MiB,416 MiB,186 MiB
2023-04-02 11:55:00,353 MiB,14.3 MiB,416 MiB,186 MiB
2023-04-02 11:55:10,353 MiB,14.3 MiB,416 MiB,186 MiB
2023-04-02 11:55:20,353 MiB,14.3 MiB,416 MiB,186 MiB
2023-04-02 11:55:30,353 MiB,14.3 MiB,416 MiB,186 MiB
2023-04-02 11:55:40,353 MiB,14.3 MiB,416 MiB,186 MiB
2023-04-02 11:55:50,353 MiB,14.3 MiB,416 MiB,186 MiB
2023-04-02 11:56:00,353 MiB,14.3 MiB,416 MiB,186 MiB
2023-04-02 11:56:10,353 MiB,14.3 MiB,416 MiB,186 MiB
2023-04-02 11:56:20,353 MiB,14.3 MiB,416 MiB,186 MiB
2023-04-02 11:56:30,353 MiB,14.3 MiB,416 MiB,186 MiB
2023-04-02 11:56:40,353 MiB,14.3 MiB,416 MiB,186 MiB
2023-04-02 11:56:50,353 MiB,14.3 MiB,416 MiB,186 MiB
2023-04-02 11:57:00,351 MiB,14.3 MiB,416 MiB,188 MiB
2023-04-02 11:57:10,351 MiB,14.3 MiB,416 MiB,188 MiB
2023-04-02 11:57:20,351 MiB,14.3 MiB,416 MiB,188 MiB
2023-04-02 11:57:30,351 MiB,14.3 MiB,416 MiB,188 MiB
2023-04-02 11:57:40,351 MiB,14.3 MiB,416 MiB,188 MiB
2023-04-02 11:57:50,351 MiB,14.3 MiB,416 MiB,188 MiB
2023-04-02 11:58:00,351 MiB,14.3 MiB,416 MiB,188 MiB
2023-04-02 11:58:10,353 MiB,14.3 MiB,416 MiB,186 MiB
2023-04-02 11:58:20,353 MiB,14.3 MiB,416 MiB,186 MiB
2023-04-02 11:58:30,351 MiB,14.3 MiB,416 MiB,188 MiB
2023-04-02 11:58:40,355 MiB,14.3 MiB,416 MiB,184 MiB
2023-04-02 11:58:50,355 MiB,14.3 MiB,416 MiB,184 MiB
2023-04-02 11:59:00,353 MiB,14.3 MiB,416 MiB,187 MiB
2023-04-02 11:59:10,357 MiB,14.3 MiB,416 MiB,182 MiB
2023-04-02 11:59:20,357 MiB,14.3 MiB,416 MiB,182 MiB
2023-04-02 11:59:30,353 MiB,14.3 MiB,416 MiB,187 MiB
2023-04-02 11:59:40,353 MiB,14.3 MiB,416 MiB,187 MiB
2023-04-02 11:59:50,353 MiB,14.3 MiB,416 MiB,186 MiB
2023-04-02 12:00:00,353 MiB,14.3 MiB,416 MiB,187 MiB
2023-04-02 12:00:10,353 MiB,14.3 MiB,416 MiB,187 MiB
2023-04-02 12:00:20,357 MiB,14.3 MiB,416 MiB,183 MiB
2023-04-02 12:00:30,355 MiB,14.3 MiB,416 MiB,185 MiB
2023-04-02 12:00:40,355 MiB,14.3 MiB,416 MiB,184 MiB
2023-04-02 12:00:50,355 MiB,14.3 MiB,416 MiB,184 MiB
2023-04-02 12:01:00,355 MiB,14.3 MiB,416 MiB,184 MiB
2023-04-02 12:01:10,355 MiB,14.3 MiB,416 MiB,185 MiB
2023-04-02 12:01:20,354 MiB,14.3 MiB,416 MiB,185 MiB
2023-04-02 12:01:30,356 MiB,14.3 MiB,416 MiB,184 MiB
2023-04-02 12:01:40,356 MiB,14.3 MiB,416 MiB,184 MiB
2023-04-02 12:01:50,357 MiB,14.3 MiB,416 MiB,183 MiB
2023-04-02 12:02:00,357 MiB,14.3 MiB,416 MiB,183 MiB
2023-04-02 12:02:10,357 MiB,14.3 MiB,416 MiB,182 MiB
2023-04-02 12:02:20,357 MiB,14.3 MiB,416 MiB,182 MiB
2023-04-02 12:02:30,357 MiB,14.3 MiB,416 MiB,182 MiB
2023-04-02 12:02:40,351 MiB,14.3 MiB,416 MiB,189 MiB
2023-04-02 12:02:50,351 MiB,14.3 MiB,416 MiB,189 MiB
2023-04-02 12:03:00,351 MiB,14.3 MiB,416 MiB,189 MiB
2023-04-02 12:03:10,363 MiB,14.3 MiB,416 MiB,177 MiB
2023-04-02 12:03:20,359 MiB,14.3 MiB,416 MiB,181 MiB
2023-04-02 12:03:30,355 MiB,14.3 MiB,416 MiB,185 MiB
2023-04-02 12:03:40,355 MiB,14.3 MiB,416 MiB,185 MiB
2023-04-02 12:03:50,353 MiB,14.3 MiB,416 MiB,187 MiB
2023-04-02 12:04:00,362 MiB,14.3 MiB,416 MiB,177 MiB
2023-04-02 12:04:10,360 MiB,14.3 MiB,416 MiB,179 MiB
2023-04-02 12:04:20,348 MiB,14.3 MiB,416 MiB,192 MiB
2023-04-02 12:04:30,374 MiB,14.3 MiB,416 MiB,165 MiB
2023-04-02 12:04:40,374 MiB,14.3 MiB,416 MiB,165 MiB
2023-04-02 12:04:50,354 MiB,14.3 MiB,416 MiB,185 MiB
2023-04-02 12:05:00,370 MiB,14.3 MiB,416 MiB,169 MiB
2023-04-02 12:05:10,354 MiB,14.3 MiB,416 MiB,186 MiB
2023-04-02 12:05:20,359 MiB,14.3 MiB,416 MiB,180 MiB
2023-04-02 12:05:30,359 MiB,14.3 MiB,416 MiB,180 MiB
2023-04-02 12:05:40,359 MiB,14.3 MiB,416 MiB,180 MiB
2023-04-02 12:05:50,352 MiB,14.3 MiB,416 MiB,187 MiB
2023-04-02 12:06:00,352 MiB,14.3 MiB,416 MiB,187 MiB
2023-04-02 12:06:10,352 MiB,14.3 MiB,416 MiB,187 MiB
2023-04-02 12:06:20,352 MiB,14.3 MiB,416 MiB,187 MiB
2023-04-02 12:06:30,352 MiB,14.3 MiB,416 MiB,187 MiB
2023-04-02 12:06:40,352 MiB,14.3 MiB,416 MiB,187 MiB
2023-04-02 12:06:50,352 MiB,14.3 MiB,416 MiB,187 MiB
2023-04-02 12:07:00,352 MiB,14.3 MiB,416 MiB,187 MiB
2023-04-02 12:07:10,350 MiB,14.3 MiB,416 MiB,189 MiB
2023-04-02 12:07:20,354 MiB,14.3 MiB,416 MiB,185 MiB
2023-04-02 12:07:30,354 MiB,14.3 MiB,416 MiB,185 MiB
2023-04-02 12:07:40,352 MiB,14.3 MiB,416 MiB,187 MiB
2023-04-02 12:07:50,352 MiB,14.3 MiB,416 MiB,187 MiB
2023-04-02 12:08:00,352 MiB,14.3 MiB,416 MiB,187 MiB
2023-04-02 12:08:10,352 MiB,14.3 MiB,416 MiB,187 MiB
2023-04-02 12:08:20,352 MiB,14.3 MiB,416 MiB,187 MiB
2023-04-02 12:08:30,352 MiB,14.3 MiB,416 MiB,187 MiB
2023-04-02 12:08:40,352 MiB,14.3 MiB,416 MiB,187 MiB
2023-04-02 12:08:50,352 MiB,14.3 MiB,416 MiB,187 MiB
2023-04-02 12:09:00,352 MiB,14.3 MiB,416 MiB,187 MiB
2023-04-02 12:09:10,352 MiB,14.3 MiB,416 MiB,187 MiB
2023-04-02 12:09:20,355 MiB,14.3 MiB,416 MiB,185 MiB
2023-04-02 12:09:30,354 MiB,14.3 MiB,416 MiB,185 MiB
2023-04-02 12:09:40,353 MiB,14.3 MiB,416 MiB,187 MiB
2023-04-02 12:09:50,351 MiB,14.3 MiB,416 MiB,189 MiB
2023-04-02 12:10:00,352 MiB,14.3 MiB,416 MiB,188 MiB
2023-04-02 12:10:10,352 MiB,14.3 MiB,416 MiB,188 MiB
2023-04-02 12:10:20,353 MiB,14.3 MiB,416 MiB,187 MiB
2023-04-02 12:10:30,349 MiB,14.3 MiB,416 MiB,190 MiB
2023-04-02 12:10:40,351 MiB,14.3 MiB,416 MiB,188 MiB
2023-04-02 12:10:50,359 MiB,14.3 MiB,416 MiB,181 MiB
2023-04-02 12:11:00,356 MiB,14.3 MiB,416 MiB,183 MiB
2023-04-02 12:11:10,359 MiB,14.3 MiB,416 MiB,180 MiB
2023-04-02 12:11:20,357 MiB,14.3 MiB,416 MiB,182 MiB
2023-04-02 12:11:30,355 MiB,14.3 MiB,416 MiB,184 MiB
2023-04-02 12:11:40,353 MiB,14.3 MiB,416 MiB,186 MiB
2023-04-02 12:11:50,357 MiB,14.3 MiB,416 MiB,182 MiB
2023-04-02 12:12:00,357 MiB,14.3 MiB,416 MiB,182 MiB
2023-04-02 12:12:10,352 MiB,14.3 MiB,416 MiB,187 MiB
2023-04-02 12:12:20,352 MiB,14.3 MiB,416 MiB,187 MiB
2023-04-02 12:12:30,350 MiB,14.3 MiB,416 MiB,190 MiB
2023-04-02 12:12:40,354 MiB,14.3 MiB,416 MiB,186 MiB
2023-04-02 12:12:50,354 MiB,14.3 MiB,416 MiB,186 MiB
2023-04-02 12:13:00,345 MiB,14.3 MiB,416 MiB,194 MiB
2023-04-02 12:13:10,353 MiB,14.3 MiB,416 MiB,186 MiB
2023-04-02 12:13:20,351 MiB,14.3 MiB,416 MiB,188 MiB
2023-04-02 12:13:30,349 MiB,14.3 MiB,416 MiB,190 MiB
2023-04-02 12:13:40,347 MiB,14.3 MiB,416 MiB,192 MiB
2023-04-02 12:13:50,353 MiB,14.3 MiB,416 MiB,186 MiB
2023-04-02 12:14:00,353 MiB,14.3 MiB,416 MiB,186 MiB
2023-04-02 12:14:10,353 MiB,14.3 MiB,416 MiB,186 MiB
2023-04-02 12:14:20,353 MiB,14.3 MiB,416 MiB,186 MiB
2023-04-02 12:14:30,353 MiB,14.3 MiB,416 MiB,186 MiB
2023-04-02 12:14:40,353 MiB,14.3 MiB,416 MiB,186 MiB
2023-04-02 12:14:50,353 MiB,14.3 MiB,416 MiB,186 MiB
2023-04-02 12:15:00,353 MiB,14.3 MiB,416 MiB,186 MiB
2023-04-02 12:15:10,355 MiB,14.3 MiB,416 MiB,184 MiB
2023-04-02 12:15:20,353 MiB,14.3 MiB,416 MiB,186 MiB
2023-04-02 12:15:30,357 MiB,14.3 MiB,416 MiB,182 MiB
2023-04-02 12:15:40,351 MiB,14.3 MiB,416 MiB,188 MiB
2023-04-02 12:15:50,351 MiB,14.3 MiB,416 MiB,188 MiB
2023-04-02 12:16:00,360 MiB,14.3 MiB,416 MiB,179 MiB
2023-04-02 12:16:10,361 MiB,14.3 MiB,416 MiB,178 MiB
2023-04-02 12:16:20,362 MiB,14.3 MiB,416 MiB,177 MiB
2023-04-02 12:16:30,361 MiB,14.3 MiB,416 MiB,179 MiB
2023-04-02 12:16:40,350 MiB,14.3 MiB,416 MiB,190 MiB
2023-04-02 12:16:50,358 MiB,14.3 MiB,416 MiB,181 MiB
2023-04-02 12:17:00,357 MiB,14.3 MiB,416 MiB,182 MiB
2023-04-02 12:17:10,359 MiB,14.3 MiB,416 MiB,180 MiB
2023-04-02 12:17:20,376 MiB,14.3 MiB,416 MiB,163 MiB
2023-04-02 12:17:30,367 MiB,14.3 MiB,416 MiB,172 MiB
2023-04-02 12:17:40,356 MiB,14.3 MiB,416 MiB,184 MiB
2023-04-02 12:17:50,361 MiB,14.3 MiB,416 MiB,178 MiB
2023-04-02 12:18:00,358 MiB,14.3 MiB,416 MiB,181 MiB
2023-04-02 12:18:10,356 MiB,14.3 MiB,416 MiB,183 MiB
2023-04-02 12:18:20,354 MiB,14.3 MiB,416 MiB,185 MiB
2023-04-02 12:18:30,358 MiB,14.3 MiB,416 MiB,181 MiB
2023-04-02 12:18:40,355 MiB,14.3 MiB,416 MiB,184 MiB
2023-04-02 12:18:50,356 MiB,14.3 MiB,416 MiB,184 MiB
2023-04-02 12:19:00,354 MiB,14.3 MiB,416 MiB,185 MiB
2023-04-02 12:19:10,358 MiB,14.3 MiB,416 MiB,181 MiB
2023-04-02 12:19:20,358 MiB,14.3 MiB,416 MiB,181 MiB
2023-04-02 12:19:30,358 MiB,14.3 MiB,416 MiB,181 MiB
2023-04-02 12:19:40,358 MiB,14.3 MiB,416 MiB,181 MiB
2023-04-02 12:19:50,352 MiB,14.3 MiB,416 MiB,187 MiB
2023-04-02 12:20:00,352 MiB,14.3 MiB,416 MiB,187 MiB
2023-04-02 12:20:10,352 MiB,14.3 MiB,416 MiB,187 MiB
2023-04-02 12:20:20,356 MiB,14.3 MiB,416 MiB,183 MiB
2023-04-02 12:20:30,356 MiB,14.3 MiB,416 MiB,183 MiB
2023-04-02 12:20:40,356 MiB,14.3 MiB,416 MiB,183 MiB
2023-04-02 12:20:50,354 MiB,14.3 MiB,416 MiB,185 MiB
2023-04-02 12:21:00,354 MiB,14.3 MiB,416 MiB,185 MiB
2023-04-02 12:21:10,354 MiB,14.3 MiB,416 MiB,185 MiB
2023-04-02 12:21:20,354 MiB,14.3 MiB,416 MiB,185 MiB
2023-04-02 12:21:30,356 MiB,14.3 MiB,416 MiB,184 MiB
2023-04-02 12:21:40,356 MiB,14.3 MiB,416 MiB,184 MiB
2023-04-02 12:21:50,349 MiB,14.3 MiB,416 MiB,190 MiB
2023-04-02 12:22:00,349 MiB,14.3 MiB,416 MiB,190 MiB
2023-04-02 12:22:10,349 MiB,14.3 MiB,416 MiB,190 MiB
2023-04-02 12:22:20,349 MiB,14.3 MiB,416 MiB,190 MiB
2023-04-02 12:22:30,353 MiB,14.4 MiB,416 MiB,186 MiB
2023-04-02 12:22:40,353 MiB,14.4 MiB,416 MiB,186 MiB
2023-04-02 12:22:50,353 MiB,14.4 MiB,416 MiB,186 MiB
2023-04-02 12:23:00,353 MiB,14.4 MiB,416 MiB,186 MiB
2023-04-02 12:23:10,353 MiB,14.4 MiB,416 MiB,186 MiB
2023-04-02 12:23:20,353 MiB,14.4 MiB,416 MiB,186 MiB
2023-04-02 12:23:30,353 MiB,14.4 MiB,416 MiB,186 MiB
2023-04-02 12:23:40,353 MiB,14.4 MiB,416 MiB,186 MiB
2023-04-02 12:23:50,353 MiB,14.4 MiB,416 MiB,186 MiB
2023-04-02 12:24:00,353 MiB,14.4 MiB,416 MiB,186 MiB
2023-04-02 12:24:10,353 MiB,14.4 MiB,416 MiB,186 MiB
2023-04-02 12:24:20,346 MiB,14.4 MiB,416 MiB,193 MiB
2023-04-02 12:24:30,346 MiB,14.4 MiB,416 MiB,193 MiB
2023-04-02 12:24:40,346 MiB,14.4 MiB,416 MiB,193 MiB
2023-04-02 12:24:50,352 MiB,14.4 MiB,416 MiB,187 MiB
2023-04-02 12:25:00,352 MiB,14.4 MiB,416 MiB,187 MiB
2023-04-02 12:25:10,364 MiB,14.4 MiB,416 MiB,175 MiB
2023-04-02 12:25:20,355 MiB,14.4 MiB,416 MiB,184 MiB
2023-04-02 12:25:30,355 MiB,14.4 MiB,416 MiB,184 MiB
2023-04-02 12:25:40,359 MiB,14.4 MiB,416 MiB,180 MiB
2023-04-02 12:25:50,357 MiB,14.4 MiB,416 MiB,182 MiB
2023-04-02 12:26:00,355 MiB,14.4 MiB,416 MiB,184 MiB
2023-04-02 12:26:10,355 MiB,14.4 MiB,416 MiB,184 MiB
2023-04-02 12:26:20,355 MiB,14.4 MiB,416 MiB,184 MiB
2023-04-02 12:26:30,367 MiB,14.4 MiB,416 MiB,172 MiB
2023-04-02 12:26:40,358 MiB,14.4 MiB,416 MiB,182 MiB
2023-04-02 12:26:50,360 MiB,14.4 MiB,416 MiB,179 MiB
2023-04-02 12:27:00,364 MiB,14.4 MiB,416 MiB,176 MiB
2023-04-02 12:27:10,355 MiB,14.4 MiB,416 MiB,184 MiB
2023-04-02 12:27:20,363 MiB,14.4 MiB,416 MiB,176 MiB
2023-04-02 12:27:30,360 MiB,14.4 MiB,416 MiB,179 MiB
2023-04-02 12:27:40,357 MiB,14.4 MiB,416 MiB,182 MiB
2023-04-02 12:27:50,357 MiB,14.4 MiB,416 MiB,182 MiB
2023-04-02 12:28:00,354 MiB,14.4 MiB,416 MiB,185 MiB
2023-04-02 12:28:10,358 MiB,14.4 MiB,416 MiB,181 MiB
2023-04-02 12:28:20,351 MiB,14.4 MiB,416 MiB,188 MiB
2023-04-02 12:28:30,351 MiB,14.4 MiB,416 MiB,188 MiB
2023-04-02 12:28:40,353 MiB,14.4 MiB,416 MiB,186 MiB
2023-04-02 12:28:50,353 MiB,14.4 MiB,416 MiB,187 MiB
2023-04-02 12:29:00,355 MiB,14.4 MiB,416 MiB,184 MiB
2023-04-02 12:29:10,353 MiB,14.4 MiB,416 MiB,186 MiB
2023-04-02 12:29:20,353 MiB,14.4 MiB,416 MiB,186 MiB
2023-04-02 12:29:30,353 MiB,14.4 MiB,416 MiB,186 MiB
2023-04-02 12:29:40,353 MiB,14.4 MiB,416 MiB,186 MiB
2023-04-02 12:29:50,353 MiB,14.4 MiB,416 MiB,186 MiB
2023-04-02 12:30:00,351 MiB,14.4 MiB,416 MiB,188 MiB
2023-04-02 12:30:10,351 MiB,14.4 MiB,416 MiB,188 MiB
2023-04-02 12:30:20,351 MiB,14.4 MiB,416 MiB,188 MiB
2023-04-02 12:30:30,351 MiB,14.4 MiB,416 MiB,188 MiB
2023-04-02 12:30:40,351 MiB,14.4 MiB,416 MiB,188 MiB
2023-04-02 12:30:50,351 MiB,14.4 MiB,416 MiB,188 MiB
2023-04-02 12:31:00,351 MiB,14.4 MiB,416 MiB,188 MiB
2023-04-02 12:31:10,351 MiB,14.4 MiB,416 MiB,188 MiB
2023-04-02 12:31:20,355 MiB,14.4 MiB,416 MiB,184 MiB
2023-04-02 12:31:30,355 MiB,14.4 MiB,416 MiB,184 MiB
2023-04-02 12:31:40,355 MiB,14.4 MiB,416 MiB,184 MiB
2023-04-02 12:31:50,355 MiB,14.4 MiB,416 MiB,184 MiB
2023-04-02 12:32:00,355 MiB,14.4 MiB,416 MiB,184 MiB
2023-04-02 12:32:10,355 MiB,14.4 MiB,416 MiB,184 MiB
2023-04-02 12:32:20,355 MiB,14.4 MiB,416 MiB,184 MiB
2023-04-02 12:32:30,355 MiB,14.4 MiB,416 MiB,184 MiB
2023-04-02 12:32:40,355 MiB,14.4 MiB,416 MiB,184 MiB
2023-04-02 12:32:50,355 MiB,14.4 MiB,416 MiB,184 MiB
2023-04-02 12:33:00,354 MiB,14.4 MiB,416 MiB,185 MiB
2023-04-02 12:33:10,354 MiB,14.4 MiB,416 MiB,185 MiB
2023-04-02 12:33:20,354 MiB,14.4 MiB,416 MiB,185 MiB
2023-04-02 12:33:30,353 MiB,14.4 MiB,416 MiB,186 MiB
2023-04-02 12:33:40,353 MiB,14.4 MiB,416 MiB,186 MiB
2023-04-02 12:33:50,353 MiB,14.4 MiB,416 MiB,186 MiB
2023-04-02 12:34:00,353 MiB,14.4 MiB,416 MiB,186 MiB
2023-04-02 12:34:10,353 MiB,14.4 MiB,416 MiB,186 MiB
2023-04-02 12:34:20,353 MiB,14.4 MiB,416 MiB,186 MiB
2023-04-02 12:34:30,353 MiB,14.4 MiB,416 MiB,186 MiB
2023-04-02 12:34:40,353 MiB,14.4 MiB,416 MiB,186 MiB
2023-04-02 12:34:50,353 MiB,14.4 MiB,416 MiB,186 MiB
2023-04-02 12:35:00,353 MiB,14.4 MiB,416 MiB,186 MiB
2023-04-02 12:35:10,353 MiB,14.4 MiB,416 MiB,186 MiB
2023-04-02 12:35:20,353 MiB,14.4 MiB,416 MiB,186 MiB
2023-04-02 12:35:30,353 MiB,14.4 MiB,416 MiB,187 MiB
2023-04-02 12:35:40,353 MiB,14.4 MiB,416 MiB,187 MiB
2023-04-02 12:35:50,353 MiB,14.4 MiB,416 MiB,187 MiB
2023-04-02 12:36:00,353 MiB,14.4 MiB,416 MiB,187 MiB
2023-04-02 12:36:10,353 MiB,14.4 MiB,416 MiB,187 MiB
2023-04-02 12:36:20,353 MiB,14.4 MiB,416 MiB,187 MiB
2023-04-02 12:36:30,353 MiB,14.4 MiB,416 MiB,187 MiB
2023-04-02 12:36:40,353 MiB,14.4 MiB,416 MiB,187 MiB
2023-04-02 12:36:50,353 MiB,14.4 MiB,416 MiB,187 MiB
2023-04-02 12:37:00,353 MiB,14.4 MiB,416 MiB,187 MiB
2023-04-02 12:37:10,353 MiB,14.4 MiB,416 MiB,187 MiB
2023-04-02 12:37:20,353 MiB,14.4 MiB,416 MiB,187 MiB
2023-04-02 12:37:30,353 MiB,14.4 MiB,416 MiB,187 MiB
2023-04-02 12:37:40,353 MiB,14.4 MiB,416 MiB,187 MiB
2023-04-02 12:37:50,353 MiB,14.4 MiB,416 MiB,187 MiB
2023-04-02 12:38:00,353 MiB,14.4 MiB,416 MiB,187 MiB
2023-04-02 12:38:10,353 MiB,14.4 MiB,416 MiB,187 MiB
2023-04-02 12:38:20,353 MiB,14.4 MiB,416 MiB,187 MiB
2023-04-02 12:38:30,353 MiB,14.4 MiB,416 MiB,187 MiB
2023-04-02 12:38:40,353 MiB,14.4 MiB,416 MiB,187 MiB
2023-04-02 12:38:50,353 MiB,14.4 MiB,416 MiB,187 MiB
2023-04-02 12:39:00,353 MiB,14.4 MiB,416 MiB,187 MiB
2023-04-02 12:39:10,352 MiB,14.4 MiB,416 MiB,187 MiB
2023-04-02 12:39:20,352 MiB,14.4 MiB,416 MiB,187 MiB
2023-04-02 12:39:30,352 MiB,14.4 MiB,416 MiB,187 MiB
2023-04-02 12:39:40,352 MiB,14.4 MiB,416 MiB,187 MiB
2023-04-02 12:39:50,352 MiB,14.4 MiB,416 MiB,187 MiB
2023-04-02 12:40:00,352 MiB,14.4 MiB,416 MiB,187 MiB
2023-04-02 12:40:10,352 MiB,14.4 MiB,416 MiB,187 MiB
2023-04-02 12:40:20,352 MiB,14.4 MiB,416 MiB,187 MiB
2023-04-02 12:40:30,353 MiB,14.4 MiB,416 MiB,187 MiB
2023-04-02 12:40:40,348 MiB,14.4 MiB,416 MiB,191 MiB
2023-04-02 12:40:50,349 MiB,14.4 MiB,416 MiB,191 MiB
2023-04-02 12:41:00,353 MiB,14.4 MiB,416 MiB,187 MiB
2023-04-02 12:41:10,353 MiB,14.4 MiB,416 MiB,187 MiB
2023-04-02 12:41:20,353 MiB,14.4 MiB,416 MiB,187 MiB
2023-04-02 12:41:30,353 MiB,14.4 MiB,416 MiB,187 MiB
2023-04-02 12:41:40,353 MiB,14.4 MiB,416 MiB,187 MiB
2023-04-02 12:41:50,351 MiB,14.4 MiB,416 MiB,189 MiB
2023-04-02 12:42:00,351 MiB,14.4 MiB,416 MiB,189 MiB
2023-04-02 12:42:10,351 MiB,14.4 MiB,416 MiB,189 MiB
2023-04-02 12:42:20,351 MiB,14.4 MiB,416 MiB,189 MiB
2023-04-02 12:42:30,351 MiB,14.4 MiB,416 MiB,189 MiB
2023-04-02 12:42:40,354 MiB,14.4 MiB,416 MiB,186 MiB
2023-04-02 12:42:50,352 MiB,14.4 MiB,416 MiB,188 MiB
2023-04-02 12:43:00,351 MiB,14.4 MiB,416 MiB,189 MiB
2023-04-02 12:43:10,351 MiB,14.4 MiB,416 MiB,189 MiB
2023-04-02 12:43:20,351 MiB,14.4 MiB,416 MiB,189 MiB
2023-04-02 12:43:30,351 MiB,14.4 MiB,416 MiB,189 MiB
2023-04-02 12:43:40,351 MiB,14.4 MiB,416 MiB,189 MiB
2023-04-02 12:43:50,349 MiB,14.4 MiB,416 MiB,191 MiB
2023-04-02 12:44:00,349 MiB,14.4 MiB,416 MiB,191 MiB
2023-04-02 12:44:10,349 MiB,14.4 MiB,416 MiB,191 MiB
2023-04-02 12:44:20,349 MiB,14.4 MiB,416 MiB,191 MiB
2023-04-02 12:44:30,357 MiB,14.4 MiB,416 MiB,183 MiB
2023-04-02 12:44:40,352 MiB,14.4 MiB,416 MiB,187 MiB
2023-04-02 12:44:50,352 MiB,14.4 MiB,416 MiB,187 MiB
2023-04-02 12:45:00,349 MiB,14.4 MiB,416 MiB,191 MiB
2023-04-02 12:45:10,349 MiB,14.4 MiB,416 MiB,191 MiB
2023-04-02 12:45:20,349 MiB,14.4 MiB,416 MiB,191 MiB
2023-04-02 12:45:30,349 MiB,14.4 MiB,416 MiB,191 MiB
2023-04-02 12:45:40,357 MiB,14.4 MiB,416 MiB,182 MiB
2023-04-02 12:45:50,357 MiB,14.4 MiB,416 MiB,182 MiB
2023-04-02 12:46:00,355 MiB,14.4 MiB,416 MiB,185 MiB
2023-04-02 12:46:10,355 MiB,14.4 MiB,416 MiB,185 MiB
2023-04-02 12:46:20,355 MiB,14.4 MiB,416 MiB,185 MiB
2023-04-02 12:46:30,355 MiB,14.4 MiB,416 MiB,184 MiB
2023-04-02 12:46:40,349 MiB,14.4 MiB,416 MiB,191 MiB
2023-04-02 12:46:50,349 MiB,14.4 MiB,416 MiB,191 MiB
2023-04-02 12:47:00,355 MiB,14.4 MiB,416 MiB,185 MiB
2023-04-02 12:47:10,355 MiB,14.4 MiB,416 MiB,185 MiB
2023-04-02 12:47:20,360 MiB,14.4 MiB,416 MiB,179 MiB
2023-04-02 12:47:30,349 MiB,14.4 MiB,416 MiB,190 MiB
2023-04-02 12:47:40,357 MiB,14.4 MiB,416 MiB,182 MiB
2023-04-02 12:47:50,355 MiB,14.4 MiB,416 MiB,184 MiB
2023-04-02 12:48:00,347 MiB,14.4 MiB,416 MiB,193 MiB
2023-04-02 12:48:10,355 MiB,14.4 MiB,416 MiB,185 MiB
2023-04-02 12:48:20,352 MiB,14.4 MiB,416 MiB,187 MiB
2023-04-02 12:48:30,352 MiB,14.4 MiB,416 MiB,187 MiB
2023-04-02 12:48:40,348 MiB,14.4 MiB,416 MiB,191 MiB
2023-04-02 12:48:50,359 MiB,14.4 MiB,416 MiB,180 MiB
2023-04-02 12:49:00,356 MiB,14.4 MiB,416 MiB,183 MiB
2023-04-02 12:49:10,359 MiB,14.4 MiB,416 MiB,180 MiB
2023-04-02 12:49:20,364 MiB,14.4 MiB,416 MiB,175 MiB
2023-04-02 12:49:30,364 MiB,14.4 MiB,416 MiB,175 MiB
2023-04-02 12:49:40,366 MiB,14.4 MiB,416 MiB,173 MiB
2023-04-02 12:49:50,361 MiB,14.4 MiB,416 MiB,178 MiB
2023-04-02 12:50:00,374 MiB,14.4 MiB,416 MiB,165 MiB
2023-04-02 12:50:10,358 MiB,14.4 MiB,416 MiB,181 MiB
2023-04-02 12:50:20,343 MiB,14.4 MiB,416 MiB,196 MiB
2023-04-02 12:50:30,350 MiB,14.4 MiB,416 MiB,190 MiB
2023-04-02 12:50:40,361 MiB,14.4 MiB,416 MiB,179 MiB
2023-04-02 12:50:50,356 MiB,14.4 MiB,416 MiB,183 MiB
2023-04-02 12:51:00,365 MiB,14.4 MiB,416 MiB,174 MiB
2023-04-02 12:51:10,357 MiB,14.4 MiB,416 MiB,182 MiB
2023-04-02 12:51:20,355 MiB,14.4 MiB,416 MiB,185 MiB
2023-04-02 12:51:30,356 MiB,14.4 MiB,416 MiB,183 MiB
2023-04-02 12:51:40,353 MiB,14.4 MiB,416 MiB,186 MiB
2023-04-02 12:51:50,354 MiB,14.4 MiB,416 MiB,185 MiB
2023-04-02 12:52:00,357 MiB,14.4 MiB,416 MiB,182 MiB
2023-04-02 12:52:10,361 MiB,14.4 MiB,416 MiB,178 MiB
2023-04-02 12:52:20,361 MiB,14.4 MiB,416 MiB,178 MiB
2023-04-02 12:52:30,361 MiB,14.4 MiB,416 MiB,178 MiB
2023-04-02 12:52:40,361 MiB,14.4 MiB,416 MiB,178 MiB
2023-04-02 12:52:50,361 MiB,14.4 MiB,416 MiB,178 MiB
2023-04-02 12:53:00,361 MiB,14.4 MiB,416 MiB,178 MiB
2023-04-02 12:53:10,356 MiB,14.4 MiB,416 MiB,183 MiB
2023-04-02 12:53:20,356 MiB,14.4 MiB,416 MiB,183 MiB
2023-04-02 12:53:30,356 MiB,14.4 MiB,416 MiB,183 MiB
2023-04-02 12:53:40,356 MiB,14.4 MiB,416 MiB,183 MiB
2023-04-02 12:53:50,354 MiB,14.4 MiB,416 MiB,185 MiB
2023-04-02 12:54:00,354 MiB,14.4 MiB,416 MiB,185 MiB
2023-04-02 12:54:10,354 MiB,14.4 MiB,416 MiB,185 MiB
2023-04-02 12:54:20,354 MiB,14.4 MiB,416 MiB,185 MiB
2023-04-02 12:54:30,354 MiB,14.4 MiB,416 MiB,185 MiB
2023-04-02 12:54:40,354 MiB,14.4 MiB,416 MiB,185 MiB
2023-04-02 12:54:50,354 MiB,14.4 MiB,416 MiB,185 MiB
2023-04-02 12:55:00,354 MiB,14.4 MiB,416 MiB,185 MiB
2023-04-02 12:55:10,354 MiB,14.4 MiB,416 MiB,185 MiB
2023-04-02 12:55:20,354 MiB,14.4 MiB,416 MiB,185 MiB
2023-04-02 12:55:30,354 MiB,14.4 MiB,416 MiB,185 MiB
2023-04-02 12:55:40,354 MiB,14.4 MiB,416 MiB,185 MiB
2023-04-02 12:55:50,354 MiB,14.4 MiB,416 MiB,185 MiB
2023-04-02 12:56:00,360 MiB,14.4 MiB,416 MiB,180 MiB
2023-04-02 12:56:10,354 MiB,14.4 MiB,416 MiB,186 MiB
2023-04-02 12:56:20,350 MiB,14.4 MiB,416 MiB,189 MiB
2023-04-02 12:56:30,344 MiB,14.4 MiB,416 MiB,195 MiB
2023-04-02 12:56:40,342 MiB,14.4 MiB,416 MiB,197 MiB
2023-04-02 12:56:50,352 MiB,14.4 MiB,416 MiB,187 MiB
2023-04-02 12:57:00,365 MiB,14.4 MiB,416 MiB,174 MiB
2023-04-02 12:57:10,355 MiB,14.4 MiB,416 MiB,184 MiB
2023-04-02 12:57:20,342 MiB,14.4 MiB,416 MiB,197 MiB
2023-04-02 12:57:30,348 MiB,14.4 MiB,416 MiB,191 MiB
2023-04-02 12:57:40,354 MiB,14.4 MiB,416 MiB,185 MiB
2023-04-02 12:57:50,354 MiB,14.4 MiB,416 MiB,185 MiB
2023-04-02 12:58:00,354 MiB,14.4 MiB,416 MiB,185 MiB
2023-04-02 12:58:10,354 MiB,14.4 MiB,416 MiB,185 MiB
2023-04-02 12:58:20,352 MiB,14.4 MiB,416 MiB,187 MiB
2023-04-02 12:58:30,353 MiB,14.4 MiB,416 MiB,186 MiB
2023-04-02 12:58:40,351 MiB,14.4 MiB,416 MiB,188 MiB
2023-04-02 12:58:50,351 MiB,14.4 MiB,416 MiB,188 MiB
2023-04-02 12:59:00,352 MiB,14.4 MiB,416 MiB,188 MiB
2023-04-02 12:59:10,352 MiB,14.4 MiB,416 MiB,188 MiB
2023-04-02 12:59:20,354 MiB,14.4 MiB,416 MiB,185 MiB
2023-04-02 12:59:30,354 MiB,14.4 MiB,416 MiB,185 MiB
2023-04-02 12:59:40,359 MiB,14.4 MiB,416 MiB,180 MiB
2023-04-02 12:59:50,354 MiB,14.4 MiB,416 MiB,185 MiB
2023-04-02 13:00:00,352 MiB,14.4 MiB,416 MiB,187 MiB
2023-04-02 13:00:10,352 MiB,14.4 MiB,416 MiB,187 MiB
2023-04-02 13:00:20,352 MiB,14.4 MiB,416 MiB,187 MiB
2023-04-02 13:00:30,352 MiB,14.4 MiB,416 MiB,187 MiB
2023-04-02 13:00:40,352 MiB,14.4 MiB,416 MiB,187 MiB
2023-04-02 13:00:50,352 MiB,14.4 MiB,416 MiB,187 MiB
2023-04-02 13:01:00,352 MiB,14.4 MiB,416 MiB,187 MiB
2023-04-02 13:01:10,352 MiB,14.4 MiB,416 MiB,187 MiB
2023-04-02 13:01:20,352 MiB,14.4 MiB,416 MiB,187 MiB
2023-04-02 13:01:30,352 MiB,14.4 MiB,416 MiB,187 MiB
2023-04-02 13:01:40,352 MiB,14.4 MiB,416 MiB,187 MiB
2023-04-02 13:01:50,352 MiB,14.4 MiB,416 MiB,187 MiB
2023-04-02 13:02:00,352 MiB,14.4 MiB,416 MiB,187 MiB
2023-04-02 13:02:10,352 MiB,14.4 MiB,416 MiB,187 MiB
2023-04-02 13:02:20,352 MiB,14.4 MiB,416 MiB,187 MiB
2023-04-02 13:02:30,352 MiB,14.4 MiB,416 MiB,187 MiB
2023-04-02 13:02:40,352 MiB,14.4 MiB,416 MiB,187 MiB
2023-04-02 13:02:50,352 MiB,14.4 MiB,416 MiB,187 MiB
2023-04-02 13:03:00,352 MiB,14.4 MiB,416 MiB,187 MiB
2023-04-02 13:03:10,352 MiB,14.4 MiB,416 MiB,187 MiB
2023-04-02 13:03:20,352 MiB,14.4 MiB,416 MiB,187 MiB
2023-04-02 13:03:30,352 MiB,14.4 MiB,416 MiB,187 MiB
2023-04-02 13:03:40,352 MiB,14.4 MiB,416 MiB,187 MiB
2023-04-02 13:03:50,352 MiB,14.4 MiB,416 MiB,187 MiB
2023-04-02 13:04:00,352 MiB,14.4 MiB,416 MiB,187 MiB
2023-04-02 13:04:10,352 MiB,14.4 MiB,416 MiB,187 MiB
2023-04-02 13:04:20,352 MiB,14.4 MiB,416 MiB,187 MiB
2023-04-02 13:04:30,352 MiB,14.4 MiB,416 MiB,187 MiB
2023-04-02 13:04:40,352 MiB,14.4 MiB,416 MiB,187 MiB
2023-04-02 13:04:50,352 MiB,14.4 MiB,416 MiB,187 MiB
2023-04-02 13:05:00,352 MiB,14.4 MiB,416 MiB,187 MiB
2023-04-02 13:05:10,352 MiB,14.4 MiB,416 MiB,187 MiB
2023-04-02 13:05:20,352 MiB,14.4 MiB,416 MiB,187 MiB
2023-04-02 13:05:30,352 MiB,14.4 MiB,416 MiB,187 MiB
2023-04-02 13:05:40,352 MiB,14.4 MiB,416 MiB,187 MiB
2023-04-02 13:05:50,352 MiB,14.4 MiB,416 MiB,187 MiB
2023-04-02 13:06:00,352 MiB,14.4 MiB,416 MiB,187 MiB
2023-04-02 13:06:10,352 MiB,14.4 MiB,416 MiB,187 MiB
2023-04-02 13:06:20,352 MiB,14.4 MiB,416 MiB,188 MiB
2023-04-02 13:06:30,352 MiB,14.4 MiB,416 MiB,187 MiB
2023-04-02 13:06:40,352 MiB,14.4 MiB,416 MiB,187 MiB
2023-04-02 13:06:50,352 MiB,14.4 MiB,416 MiB,187 MiB
2023-04-02 13:07:00,352 MiB,14.4 MiB,416 MiB,187 MiB
2023-04-02 13:07:10,356 MiB,14.4 MiB,416 MiB,183 MiB
2023-04-02 13:07:20,360 MiB,14.4 MiB,416 MiB,179 MiB
2023-04-02 13:07:30,356 MiB,14.4 MiB,416 MiB,183 MiB
2023-04-02 13:07:40,352 MiB,14.4 MiB,416 MiB,187 MiB
2023-04-02 13:07:50,356 MiB,14.4 MiB,416 MiB,184 MiB
2023-04-02 13:08:00,356 MiB,14.4 MiB,416 MiB,183 MiB
2023-04-02 13:08:10,356 MiB,14.4 MiB,416 MiB,183 MiB
2023-04-02 13:08:20,361 MiB,14.4 MiB,416 MiB,178 MiB
2023-04-02 13:08:30,361 MiB,14.4 MiB,416 MiB,178 MiB
2023-04-02 13:08:40,355 MiB,14.4 MiB,416 MiB,184 MiB
2023-04-02 13:08:50,356 MiB,14.4 MiB,416 MiB,184 MiB
2023-04-02 13:09:00,353 MiB,14.4 MiB,416 MiB,186 MiB
2023-04-02 13:09:10,353 MiB,14.4 MiB,416 MiB,186 MiB
2023-04-02 13:09:20,353 MiB,14.4 MiB,416 MiB,186 MiB
2023-04-02 13:09:30,353 MiB,14.4 MiB,416 MiB,186 MiB
2023-04-02 13:09:40,359 MiB,14.4 MiB,416 MiB,180 MiB
2023-04-02 13:09:50,357 MiB,14.4 MiB,416 MiB,183 MiB
2023-04-02 13:10:00,358 MiB,14.4 MiB,416 MiB,181 MiB
2023-04-02 13:10:10,353 MiB,14.4 MiB,416 MiB,186 MiB
2023-04-02 13:10:20,345 MiB,14.4 MiB,416 MiB,195 MiB
2023-04-02 13:10:30,349 MiB,14.4 MiB,416 MiB,191 MiB
2023-04-02 13:10:40,349 MiB,14.4 MiB,416 MiB,191 MiB
2023-04-02 13:10:50,349 MiB,14.4 MiB,416 MiB,191 MiB
2023-04-02 13:11:00,353 MiB,14.4 MiB,416 MiB,187 MiB
2023-04-02 13:11:10,353 MiB,14.4 MiB,416 MiB,187 MiB
2023-04-02 13:11:20,353 MiB,14.4 MiB,416 MiB,187 MiB
2023-04-02 13:11:30,353 MiB,14.4 MiB,416 MiB,187 MiB
2023-04-02 13:11:40,353 MiB,14.4 MiB,416 MiB,187 MiB
2023-04-02 13:11:50,353 MiB,14.4 MiB,416 MiB,187 MiB
2023-04-02 13:12:00,353 MiB,14.4 MiB,416 MiB,187 MiB
2023-04-02 13:12:10,353 MiB,14.4 MiB,416 MiB,187 MiB
2023-04-02 13:12:20,353 MiB,14.4 MiB,416 MiB,187 MiB
2023-04-02 13:12:30,353 MiB,14.4 MiB,416 MiB,187 MiB
2023-04-02 13:12:40,353 MiB,14.4 MiB,416 MiB,187 MiB
2023-04-02 13:12:50,348 MiB,14.4 MiB,416 MiB,191 MiB
2023-04-02 13:13:00,352 MiB,14.4 MiB,416 MiB,187 MiB
2023-04-02 13:13:10,352 MiB,14.4 MiB,416 MiB,187 MiB
2023-04-02 13:13:20,352 MiB,14.4 MiB,416 MiB,187 MiB
2023-04-02 13:13:30,351 MiB,14.4 MiB,416 MiB,189 MiB
2023-04-02 13:13:40,355 MiB,14.4 MiB,416 MiB,185 MiB
2023-04-02 13:13:50,355 MiB,14.4 MiB,416 MiB,185 MiB
2023-04-02 13:14:00,350 MiB,14.4 MiB,416 MiB,189 MiB
2023-04-02 13:14:10,350 MiB,14.4 MiB,416 MiB,189 MiB
2023-04-02 13:14:20,350 MiB,14.4 MiB,416 MiB,189 MiB
2023-04-02 13:14:30,350 MiB,14.4 MiB,416 MiB,189 MiB
2023-04-02 13:14:40,350 MiB,14.4 MiB,416 MiB,189 MiB
2023-04-02 13:14:50,350 MiB,14.4 MiB,416 MiB,189 MiB
2023-04-02 13:15:00,354 MiB,14.4 MiB,416 MiB,185 MiB
2023-04-02 13:15:10,354 MiB,14.4 MiB,416 MiB,185 MiB
2023-04-02 13:15:20,354 MiB,14.4 MiB,416 MiB,185 MiB
2023-04-02 13:15:30,354 MiB,14.4 MiB,416 MiB,185 MiB
2023-04-02 13:15:40,357 MiB,14.4 MiB,416 MiB,182 MiB
2023-04-02 13:15:50,361 MiB,14.4 MiB,416 MiB,178 MiB
2023-04-02 13:16:00,357 MiB,14.4 MiB,416 MiB,182 MiB
2023-04-02 13:16:10,357 MiB,14.4 MiB,416 MiB,182 MiB
2023-04-02 13:16:20,357 MiB,14.4 MiB,416 MiB,182 MiB
2023-04-02 13:16:30,357 MiB,14.4 MiB,416 MiB,182 MiB
2023-04-02 13:16:40,357 MiB,14.4 MiB,416 MiB,182 MiB
2023-04-02 13:16:50,357 MiB,14.4 MiB,416 MiB,182 MiB
2023-04-02 13:17:00,355 MiB,14.4 MiB,416 MiB,184 MiB
2023-04-02 13:17:10,353 MiB,14.4 MiB,416 MiB,186 MiB
2023-04-02 13:17:20,353 MiB,14.5 MiB,416 MiB,186 MiB
2023-04-02 13:17:30,361 MiB,14.5 MiB,416 MiB,178 MiB
2023-04-02 13:17:40,366 MiB,14.5 MiB,416 MiB,173 MiB
2023-04-02 13:17:50,357 MiB,14.5 MiB,416 MiB,182 MiB
2023-04-02 13:18:00,357 MiB,14.5 MiB,416 MiB,182 MiB
2023-04-02 13:18:10,347 MiB,14.5 MiB,416 MiB,192 MiB

